VTX, IDX, _input0.x, _input0.y, _input0.z, _input1.x, _input1.y, _input1.z, _input1.w
0, 0,  0.00,  0.00,  0.00,  0.00,  0.00,  9.00,  0.00
1, 1,  0.00,  0.00,  1.00,  0.00,  1.00,  1.00,  0.00
2, 18,  1.00,  0.00,  1.00,  0.00,  0.00,  0.00,  0.00
3, 0,  0.00,  0.00,  0.00,  0.00,  0.00,  9.00,  0.00
4, 18,  1.00,  0.00,  1.00,  0.00,  0.00,  0.00,  0.00
5, 17,  1.00,  0.00,  0.00,  1.00,  0.00,  8.00,  0.00
6, 17,  1.00,  0.00,  0.00,  1.00,  0.00,  8.00,  0.00
7, 18,  1.00,  0.00,  1.00,  0.00,  0.00,  0.00,  0.00
8, 35,  2.00,  0.00,  1.00,  0.00,  0.00,  0.00,  0.00
9, 17,  1.00,  0.00,  0.00,  1.00,  0.00,  8.00,  0.00
10, 35,  2.00,  0.00,  1.00,  0.00,  0.00,  0.00,  0.00
11, 34,  2.00,  0.00,  0.00,  0.00,  0.00,  8.00,  0.00
12, 34,  2.00,  0.00,  0.00,  0.00,  0.00,  8.00,  0.00
13, 35,  2.00,  0.00,  1.00,  0.00,  0.00,  0.00,  0.00
14, 52,  3.00,  0.00,  1.00,  0.00,  0.00,  0.00,  0.00
15, 34,  2.00,  0.00,  0.00,  0.00,  0.00,  8.00,  0.00
16, 52,  3.00,  0.00,  1.00,  0.00,  0.00,  0.00,  0.00
17, 51,  3.00,  0.00,  0.00,  1.00,  0.00,  8.00,  0.00
18, 51,  3.00,  0.00,  0.00,  1.00,  0.00,  8.00,  0.00
19, 52,  3.00,  0.00,  1.00,  0.00,  0.00,  0.00,  0.00
20, 69,  4.00,  0.00,  1.00,  0.00,  0.00,  0.00,  0.00
21, 51,  3.00,  0.00,  0.00,  1.00,  0.00,  8.00,  0.00
22, 69,  4.00,  0.00,  1.00,  0.00,  0.00,  0.00,  0.00
23, 68,  4.00,  0.00,  0.00,  0.00,  0.00,  8.00,  0.00
24, 68,  4.00,  0.00,  0.00,  0.00,  0.00,  8.00,  0.00
25, 69,  4.00,  0.00,  1.00,  0.00,  0.00,  0.00,  0.00
26, 86,  5.00,  0.00,  1.00,  0.00,  0.00,  0.00,  0.00
27, 68,  4.00,  0.00,  0.00,  0.00,  0.00,  8.00,  0.00
28, 86,  5.00,  0.00,  1.00,  0.00,  0.00,  0.00,  0.00
29, 85,  5.00,  0.00,  0.00,  1.00,  0.00,  8.00,  0.00
30, 85,  5.00,  0.00,  0.00,  1.00,  0.00,  8.00,  0.00
31, 86,  5.00,  0.00,  1.00,  0.00,  0.00,  0.00,  0.00
32, 103,  6.00,  0.00,  1.00,  0.00,  0.00,  0.00,  0.00
33, 85,  5.00,  0.00,  0.00,  1.00,  0.00,  8.00,  0.00
34, 103,  6.00,  0.00,  1.00,  0.00,  0.00,  0.00,  0.00
35, 102,  6.00,  0.00,  0.00,  0.00,  0.00,  8.00,  0.00
36, 102,  6.00,  0.00,  0.00,  0.00,  0.00,  8.00,  0.00
37, 103,  6.00,  0.00,  1.00,  0.00,  0.00,  0.00,  0.00
38, 120,  7.00,  0.00,  1.00,  0.00,  0.00,  0.00,  0.00
39, 102,  6.00,  0.00,  0.00,  0.00,  0.00,  8.00,  0.00
40, 120,  7.00,  0.00,  1.00,  0.00,  0.00,  0.00,  0.00
41, 119,  7.00,  0.00,  0.00,  1.00,  0.00,  8.00,  0.00
42, 119,  7.00,  0.00,  0.00,  1.00,  0.00,  8.00,  0.00
43, 120,  7.00,  0.00,  1.00,  0.00,  0.00,  0.00,  0.00
44, 137,  8.00,  0.00,  1.00,  0.00,  0.00,  0.00,  0.00
45, 119,  7.00,  0.00,  0.00,  1.00,  0.00,  8.00,  0.00
46, 137,  8.00,  0.00,  1.00,  0.00,  0.00,  0.00,  0.00
47, 136,  8.00,  0.00,  0.00,  0.00,  0.00,  8.00,  0.00
48, 136,  8.00,  0.00,  0.00,  0.00,  0.00,  8.00,  0.00
49, 137,  8.00,  0.00,  1.00,  0.00,  0.00,  0.00,  0.00
50, 154,  9.00,  0.00,  1.00,  0.00,  0.00,  0.00,  0.00
51, 136,  8.00,  0.00,  0.00,  0.00,  0.00,  8.00,  0.00
52, 154,  9.00,  0.00,  1.00,  0.00,  0.00,  0.00,  0.00
53, 153,  9.00,  0.00,  0.00,  1.00,  0.00,  8.00,  0.00
54, 153,  9.00,  0.00,  0.00,  1.00,  0.00,  8.00,  0.00
55, 154,  9.00,  0.00,  1.00,  0.00,  0.00,  0.00,  0.00
56, 171,  10.00,  0.00,  1.00,  0.00,  0.00,  0.00,  0.00
57, 153,  9.00,  0.00,  0.00,  1.00,  0.00,  8.00,  0.00
58, 171,  10.00,  0.00,  1.00,  0.00,  0.00,  0.00,  0.00
59, 170,  10.00,  0.00,  0.00,  0.00,  0.00,  8.00,  0.00
60, 170,  10.00,  0.00,  0.00,  0.00,  0.00,  8.00,  0.00
61, 171,  10.00,  0.00,  1.00,  0.00,  0.00,  0.00,  0.00
62, 188,  11.00,  0.00,  1.00,  0.00,  0.00,  0.00,  0.00
63, 170,  10.00,  0.00,  0.00,  0.00,  0.00,  8.00,  0.00
64, 188,  11.00,  0.00,  1.00,  0.00,  0.00,  0.00,  0.00
65, 187,  11.00,  0.00,  0.00,  1.00,  0.00,  8.00,  0.00
66, 187,  11.00,  0.00,  0.00,  1.00,  0.00,  8.00,  0.00
67, 188,  11.00,  0.00,  1.00,  0.00,  0.00,  0.00,  0.00
68, 205,  12.00,  0.00,  1.00,  0.00,  0.00,  0.00,  0.00
69, 187,  11.00,  0.00,  0.00,  1.00,  0.00,  8.00,  0.00
70, 205,  12.00,  0.00,  1.00,  0.00,  0.00,  0.00,  0.00
71, 204,  12.00,  0.00,  0.00,  0.00,  0.00,  8.00,  0.00
72, 204,  12.00,  0.00,  0.00,  0.00,  0.00,  8.00,  0.00
73, 205,  12.00,  0.00,  1.00,  0.00,  0.00,  0.00,  0.00
74, 222,  13.00,  0.00,  1.00,  0.00,  0.00,  0.00,  0.00
75, 204,  12.00,  0.00,  0.00,  0.00,  0.00,  8.00,  0.00
76, 222,  13.00,  0.00,  1.00,  0.00,  0.00,  0.00,  0.00
77, 221,  13.00,  0.00,  0.00,  1.00,  0.00,  8.00,  0.00
78, 221,  13.00,  0.00,  0.00,  1.00,  0.00,  8.00,  0.00
79, 222,  13.00,  0.00,  1.00,  0.00,  0.00,  0.00,  0.00
80, 239,  14.00,  0.00,  1.00,  0.00,  0.00,  0.00,  0.00
81, 221,  13.00,  0.00,  0.00,  1.00,  0.00,  8.00,  0.00
82, 239,  14.00,  0.00,  1.00,  0.00,  0.00,  0.00,  0.00
83, 238,  14.00,  0.00,  0.00,  0.00,  0.00,  8.00,  0.00
84, 238,  14.00,  0.00,  0.00,  0.00,  0.00,  8.00,  0.00
85, 239,  14.00,  0.00,  1.00,  0.00,  0.00,  0.00,  0.00
86, 256,  15.00,  0.00,  1.00,  0.00,  0.00,  0.00,  0.00
87, 238,  14.00,  0.00,  0.00,  0.00,  0.00,  8.00,  0.00
88, 256,  15.00,  0.00,  1.00,  0.00,  0.00,  0.00,  0.00
89, 255,  15.00,  0.00,  0.00,  1.00,  0.00,  8.00,  0.00
90, 255,  15.00,  0.00,  0.00,  1.00,  0.00,  8.00,  0.00
91, 256,  15.00,  0.00,  1.00,  0.00,  0.00,  0.00,  0.00
92, 273,  16.00,  0.00,  1.00,  0.00, -1.00,  2.00,  0.00
93, 255,  15.00,  0.00,  0.00,  1.00,  0.00,  8.00,  0.00
94, 273,  16.00,  0.00,  1.00,  0.00, -1.00,  2.00,  0.00
95, 272,  16.00,  0.00,  0.00,  0.00,  0.00,  10.00,  0.00
96, 1,  0.00,  0.00,  1.00,  0.00,  1.00,  1.00,  0.00
97, 2,  0.00,  0.00,  2.00,  0.00,  0.00,  1.00,  0.00
98, 19,  1.00,  0.00,  2.00,  0.00,  0.00,  0.00,  0.00
99, 1,  0.00,  0.00,  1.00,  0.00,  1.00,  1.00,  0.00
100, 19,  1.00,  0.00,  2.00,  0.00,  0.00,  0.00,  0.00
101, 18,  1.00,  0.00,  1.00,  0.00,  0.00,  0.00,  0.00
102, 18,  1.00,  0.00,  1.00,  0.00,  0.00,  0.00,  0.00
103, 19,  1.00,  0.00,  2.00,  0.00,  0.00,  0.00,  0.00
104, 36,  2.00,  0.00,  2.00,  0.00,  0.00,  0.00,  0.00
105, 18,  1.00,  0.00,  1.00,  0.00,  0.00,  0.00,  0.00
106, 36,  2.00,  0.00,  2.00,  0.00,  0.00,  0.00,  0.00
107, 35,  2.00,  0.00,  1.00,  0.00,  0.00,  0.00,  0.00
108, 35,  2.00,  0.00,  1.00,  0.00,  0.00,  0.00,  0.00
109, 36,  2.00,  0.00,  2.00,  0.00,  0.00,  0.00,  0.00
110, 53,  3.00,  0.00,  2.00,  0.00,  0.00,  0.00,  0.00
111, 35,  2.00,  0.00,  1.00,  0.00,  0.00,  0.00,  0.00
112, 53,  3.00,  0.00,  2.00,  0.00,  0.00,  0.00,  0.00
113, 52,  3.00,  0.00,  1.00,  0.00,  0.00,  0.00,  0.00
114, 52,  3.00,  0.00,  1.00,  0.00,  0.00,  0.00,  0.00
115, 53,  3.00,  0.00,  2.00,  0.00,  0.00,  0.00,  0.00
116, 70,  4.00,  0.00,  2.00,  0.00,  0.00,  0.00,  0.00
117, 52,  3.00,  0.00,  1.00,  0.00,  0.00,  0.00,  0.00
118, 70,  4.00,  0.00,  2.00,  0.00,  0.00,  0.00,  0.00
119, 69,  4.00,  0.00,  1.00,  0.00,  0.00,  0.00,  0.00
120, 69,  4.00,  0.00,  1.00,  0.00,  0.00,  0.00,  0.00
121, 70,  4.00,  0.00,  2.00,  0.00,  0.00,  0.00,  0.00
122, 87,  5.00,  0.00,  2.00,  0.00,  0.00,  0.00,  0.00
123, 69,  4.00,  0.00,  1.00,  0.00,  0.00,  0.00,  0.00
124, 87,  5.00,  0.00,  2.00,  0.00,  0.00,  0.00,  0.00
125, 86,  5.00,  0.00,  1.00,  0.00,  0.00,  0.00,  0.00
126, 86,  5.00,  0.00,  1.00,  0.00,  0.00,  0.00,  0.00
127, 87,  5.00,  0.00,  2.00,  0.00,  0.00,  0.00,  0.00
128, 104,  6.00,  0.00,  2.00,  0.00,  0.00,  0.00,  0.00
129, 86,  5.00,  0.00,  1.00,  0.00,  0.00,  0.00,  0.00
130, 104,  6.00,  0.00,  2.00,  0.00,  0.00,  0.00,  0.00
131, 103,  6.00,  0.00,  1.00,  0.00,  0.00,  0.00,  0.00
132, 103,  6.00,  0.00,  1.00,  0.00,  0.00,  0.00,  0.00
133, 104,  6.00,  0.00,  2.00,  0.00,  0.00,  0.00,  0.00
134, 121,  7.00,  0.00,  2.00,  0.00,  0.00,  0.00,  0.00
135, 103,  6.00,  0.00,  1.00,  0.00,  0.00,  0.00,  0.00
136, 121,  7.00,  0.00,  2.00,  0.00,  0.00,  0.00,  0.00
137, 120,  7.00,  0.00,  1.00,  0.00,  0.00,  0.00,  0.00
138, 120,  7.00,  0.00,  1.00,  0.00,  0.00,  0.00,  0.00
139, 121,  7.00,  0.00,  2.00,  0.00,  0.00,  0.00,  0.00
140, 138,  8.00,  0.00,  2.00,  0.00,  0.00,  0.00,  0.00
141, 120,  7.00,  0.00,  1.00,  0.00,  0.00,  0.00,  0.00
142, 138,  8.00,  0.00,  2.00,  0.00,  0.00,  0.00,  0.00
143, 137,  8.00,  0.00,  1.00,  0.00,  0.00,  0.00,  0.00
144, 137,  8.00,  0.00,  1.00,  0.00,  0.00,  0.00,  0.00
145, 138,  8.00,  0.00,  2.00,  0.00,  0.00,  0.00,  0.00
146, 155,  9.00,  0.00,  2.00,  0.00,  0.00,  0.00,  0.00
147, 137,  8.00,  0.00,  1.00,  0.00,  0.00,  0.00,  0.00
148, 155,  9.00,  0.00,  2.00,  0.00,  0.00,  0.00,  0.00
149, 154,  9.00,  0.00,  1.00,  0.00,  0.00,  0.00,  0.00
150, 154,  9.00,  0.00,  1.00,  0.00,  0.00,  0.00,  0.00
151, 155,  9.00,  0.00,  2.00,  0.00,  0.00,  0.00,  0.00
152, 172,  10.00,  0.00,  2.00,  0.00,  0.00,  0.00,  0.00
153, 154,  9.00,  0.00,  1.00,  0.00,  0.00,  0.00,  0.00
154, 172,  10.00,  0.00,  2.00,  0.00,  0.00,  0.00,  0.00
155, 171,  10.00,  0.00,  1.00,  0.00,  0.00,  0.00,  0.00
156, 171,  10.00,  0.00,  1.00,  0.00,  0.00,  0.00,  0.00
157, 172,  10.00,  0.00,  2.00,  0.00,  0.00,  0.00,  0.00
158, 189,  11.00,  0.00,  2.00,  0.00,  0.00,  0.00,  0.00
159, 171,  10.00,  0.00,  1.00,  0.00,  0.00,  0.00,  0.00
160, 189,  11.00,  0.00,  2.00,  0.00,  0.00,  0.00,  0.00
161, 188,  11.00,  0.00,  1.00,  0.00,  0.00,  0.00,  0.00
162, 188,  11.00,  0.00,  1.00,  0.00,  0.00,  0.00,  0.00
163, 189,  11.00,  0.00,  2.00,  0.00,  0.00,  0.00,  0.00
164, 206,  12.00,  0.00,  2.00,  0.00,  0.00,  0.00,  0.00
165, 188,  11.00,  0.00,  1.00,  0.00,  0.00,  0.00,  0.00
166, 206,  12.00,  0.00,  2.00,  0.00,  0.00,  0.00,  0.00
167, 205,  12.00,  0.00,  1.00,  0.00,  0.00,  0.00,  0.00
168, 205,  12.00,  0.00,  1.00,  0.00,  0.00,  0.00,  0.00
169, 206,  12.00,  0.00,  2.00,  0.00,  0.00,  0.00,  0.00
170, 223,  13.00,  0.00,  2.00,  0.00,  0.00,  0.00,  0.00
171, 205,  12.00,  0.00,  1.00,  0.00,  0.00,  0.00,  0.00
172, 223,  13.00,  0.00,  2.00,  0.00,  0.00,  0.00,  0.00
173, 222,  13.00,  0.00,  1.00,  0.00,  0.00,  0.00,  0.00
174, 222,  13.00,  0.00,  1.00,  0.00,  0.00,  0.00,  0.00
175, 223,  13.00,  0.00,  2.00,  0.00,  0.00,  0.00,  0.00
176, 240,  14.00,  0.00,  2.00,  0.00,  0.00,  0.00,  0.00
177, 222,  13.00,  0.00,  1.00,  0.00,  0.00,  0.00,  0.00
178, 240,  14.00,  0.00,  2.00,  0.00,  0.00,  0.00,  0.00
179, 239,  14.00,  0.00,  1.00,  0.00,  0.00,  0.00,  0.00
180, 239,  14.00,  0.00,  1.00,  0.00,  0.00,  0.00,  0.00
181, 240,  14.00,  0.00,  2.00,  0.00,  0.00,  0.00,  0.00
182, 257,  15.00,  0.00,  2.00,  0.00,  0.00,  0.00,  0.00
183, 239,  14.00,  0.00,  1.00,  0.00,  0.00,  0.00,  0.00
184, 257,  15.00,  0.00,  2.00,  0.00,  0.00,  0.00,  0.00
185, 256,  15.00,  0.00,  1.00,  0.00,  0.00,  0.00,  0.00
186, 256,  15.00,  0.00,  1.00,  0.00,  0.00,  0.00,  0.00
187, 257,  15.00,  0.00,  2.00,  0.00,  0.00,  0.00,  0.00
188, 274,  16.00,  0.00,  2.00,  0.00,  0.00,  2.00,  0.00
189, 256,  15.00,  0.00,  1.00,  0.00,  0.00,  0.00,  0.00
190, 274,  16.00,  0.00,  2.00,  0.00,  0.00,  2.00,  0.00
191, 273,  16.00,  0.00,  1.00,  0.00, -1.00,  2.00,  0.00
192, 2,  0.00,  0.00,  2.00,  0.00,  0.00,  1.00,  0.00
193, 3,  0.00,  0.00,  3.00,  0.00,  1.00,  1.00,  0.00
194, 20,  1.00,  0.00,  3.00,  0.00,  0.00,  0.00,  0.00
195, 2,  0.00,  0.00,  2.00,  0.00,  0.00,  1.00,  0.00
196, 20,  1.00,  0.00,  3.00,  0.00,  0.00,  0.00,  0.00
197, 19,  1.00,  0.00,  2.00,  0.00,  0.00,  0.00,  0.00
198, 19,  1.00,  0.00,  2.00,  0.00,  0.00,  0.00,  0.00
199, 20,  1.00,  0.00,  3.00,  0.00,  0.00,  0.00,  0.00
200, 37,  2.00,  0.00,  3.00,  0.00,  0.00,  0.00,  0.00
201, 19,  1.00,  0.00,  2.00,  0.00,  0.00,  0.00,  0.00
202, 37,  2.00,  0.00,  3.00,  0.00,  0.00,  0.00,  0.00
203, 36,  2.00,  0.00,  2.00,  0.00,  0.00,  0.00,  0.00
204, 36,  2.00,  0.00,  2.00,  0.00,  0.00,  0.00,  0.00
205, 37,  2.00,  0.00,  3.00,  0.00,  0.00,  0.00,  0.00
206, 54,  3.00,  0.00,  3.00,  0.00,  0.00,  0.00,  0.00
207, 36,  2.00,  0.00,  2.00,  0.00,  0.00,  0.00,  0.00
208, 54,  3.00,  0.00,  3.00,  0.00,  0.00,  0.00,  0.00
209, 53,  3.00,  0.00,  2.00,  0.00,  0.00,  0.00,  0.00
210, 53,  3.00,  0.00,  2.00,  0.00,  0.00,  0.00,  0.00
211, 54,  3.00,  0.00,  3.00,  0.00,  0.00,  0.00,  0.00
212, 71,  4.00,  0.00,  3.00,  0.00,  0.00,  0.00,  0.00
213, 53,  3.00,  0.00,  2.00,  0.00,  0.00,  0.00,  0.00
214, 71,  4.00,  0.00,  3.00,  0.00,  0.00,  0.00,  0.00
215, 70,  4.00,  0.00,  2.00,  0.00,  0.00,  0.00,  0.00
216, 70,  4.00,  0.00,  2.00,  0.00,  0.00,  0.00,  0.00
217, 71,  4.00,  0.00,  3.00,  0.00,  0.00,  0.00,  0.00
218, 88,  5.00,  0.00,  3.00,  0.00,  0.00,  0.00,  0.00
219, 70,  4.00,  0.00,  2.00,  0.00,  0.00,  0.00,  0.00
220, 88,  5.00,  0.00,  3.00,  0.00,  0.00,  0.00,  0.00
221, 87,  5.00,  0.00,  2.00,  0.00,  0.00,  0.00,  0.00
222, 87,  5.00,  0.00,  2.00,  0.00,  0.00,  0.00,  0.00
223, 88,  5.00,  0.00,  3.00,  0.00,  0.00,  0.00,  0.00
224, 105,  6.00,  0.00,  3.00,  0.00,  0.00,  0.00,  0.00
225, 87,  5.00,  0.00,  2.00,  0.00,  0.00,  0.00,  0.00
226, 105,  6.00,  0.00,  3.00,  0.00,  0.00,  0.00,  0.00
227, 104,  6.00,  0.00,  2.00,  0.00,  0.00,  0.00,  0.00
228, 104,  6.00,  0.00,  2.00,  0.00,  0.00,  0.00,  0.00
229, 105,  6.00,  0.00,  3.00,  0.00,  0.00,  0.00,  0.00
230, 122,  7.00,  0.00,  3.00,  0.00,  0.00,  0.00,  0.00
231, 104,  6.00,  0.00,  2.00,  0.00,  0.00,  0.00,  0.00
232, 122,  7.00,  0.00,  3.00,  0.00,  0.00,  0.00,  0.00
233, 121,  7.00,  0.00,  2.00,  0.00,  0.00,  0.00,  0.00
234, 121,  7.00,  0.00,  2.00,  0.00,  0.00,  0.00,  0.00
235, 122,  7.00,  0.00,  3.00,  0.00,  0.00,  0.00,  0.00
236, 139,  8.00,  0.00,  3.00,  0.00,  0.00,  0.00,  0.00
237, 121,  7.00,  0.00,  2.00,  0.00,  0.00,  0.00,  0.00
238, 139,  8.00,  0.00,  3.00,  0.00,  0.00,  0.00,  0.00
239, 138,  8.00,  0.00,  2.00,  0.00,  0.00,  0.00,  0.00
240, 138,  8.00,  0.00,  2.00,  0.00,  0.00,  0.00,  0.00
241, 139,  8.00,  0.00,  3.00,  0.00,  0.00,  0.00,  0.00
242, 156,  9.00,  0.00,  3.00,  0.00,  0.00,  0.00,  0.00
243, 138,  8.00,  0.00,  2.00,  0.00,  0.00,  0.00,  0.00
244, 156,  9.00,  0.00,  3.00,  0.00,  0.00,  0.00,  0.00
245, 155,  9.00,  0.00,  2.00,  0.00,  0.00,  0.00,  0.00
246, 155,  9.00,  0.00,  2.00,  0.00,  0.00,  0.00,  0.00
247, 156,  9.00,  0.00,  3.00,  0.00,  0.00,  0.00,  0.00
248, 173,  10.00,  0.00,  3.00,  0.00,  0.00,  0.00,  0.00
249, 155,  9.00,  0.00,  2.00,  0.00,  0.00,  0.00,  0.00
250, 173,  10.00,  0.00,  3.00,  0.00,  0.00,  0.00,  0.00
251, 172,  10.00,  0.00,  2.00,  0.00,  0.00,  0.00,  0.00
252, 172,  10.00,  0.00,  2.00,  0.00,  0.00,  0.00,  0.00
253, 173,  10.00,  0.00,  3.00,  0.00,  0.00,  0.00,  0.00
254, 190,  11.00,  0.00,  3.00,  0.00,  0.00,  0.00,  0.00
255, 172,  10.00,  0.00,  2.00,  0.00,  0.00,  0.00,  0.00
256, 190,  11.00,  0.00,  3.00,  0.00,  0.00,  0.00,  0.00
257, 189,  11.00,  0.00,  2.00,  0.00,  0.00,  0.00,  0.00
258, 189,  11.00,  0.00,  2.00,  0.00,  0.00,  0.00,  0.00
259, 190,  11.00,  0.00,  3.00,  0.00,  0.00,  0.00,  0.00
260, 207,  12.00,  0.00,  3.00,  0.00,  0.00,  0.00,  0.00
261, 189,  11.00,  0.00,  2.00,  0.00,  0.00,  0.00,  0.00
262, 207,  12.00,  0.00,  3.00,  0.00,  0.00,  0.00,  0.00
263, 206,  12.00,  0.00,  2.00,  0.00,  0.00,  0.00,  0.00
264, 206,  12.00,  0.00,  2.00,  0.00,  0.00,  0.00,  0.00
265, 207,  12.00,  0.00,  3.00,  0.00,  0.00,  0.00,  0.00
266, 224,  13.00,  0.00,  3.00,  0.00,  0.00,  0.00,  0.00
267, 206,  12.00,  0.00,  2.00,  0.00,  0.00,  0.00,  0.00
268, 224,  13.00,  0.00,  3.00,  0.00,  0.00,  0.00,  0.00
269, 223,  13.00,  0.00,  2.00,  0.00,  0.00,  0.00,  0.00
270, 223,  13.00,  0.00,  2.00,  0.00,  0.00,  0.00,  0.00
271, 224,  13.00,  0.00,  3.00,  0.00,  0.00,  0.00,  0.00
272, 241,  14.00,  0.00,  3.00,  0.00,  0.00,  0.00,  0.00
273, 223,  13.00,  0.00,  2.00,  0.00,  0.00,  0.00,  0.00
274, 241,  14.00,  0.00,  3.00,  0.00,  0.00,  0.00,  0.00
275, 240,  14.00,  0.00,  2.00,  0.00,  0.00,  0.00,  0.00
276, 240,  14.00,  0.00,  2.00,  0.00,  0.00,  0.00,  0.00
277, 241,  14.00,  0.00,  3.00,  0.00,  0.00,  0.00,  0.00
278, 258,  15.00,  0.00,  3.00,  0.00,  0.00,  0.00,  0.00
279, 240,  14.00,  0.00,  2.00,  0.00,  0.00,  0.00,  0.00
280, 258,  15.00,  0.00,  3.00,  0.00,  0.00,  0.00,  0.00
281, 257,  15.00,  0.00,  2.00,  0.00,  0.00,  0.00,  0.00
282, 257,  15.00,  0.00,  2.00,  0.00,  0.00,  0.00,  0.00
283, 258,  15.00,  0.00,  3.00,  0.00,  0.00,  0.00,  0.00
284, 275,  16.00,  0.00,  3.00,  0.00, -1.00,  2.00,  0.00
285, 257,  15.00,  0.00,  2.00,  0.00,  0.00,  0.00,  0.00
286, 275,  16.00,  0.00,  3.00,  0.00, -1.00,  2.00,  0.00
287, 274,  16.00,  0.00,  2.00,  0.00,  0.00,  2.00,  0.00
288, 3,  0.00,  0.00,  3.00,  0.00,  1.00,  1.00,  0.00
289, 4,  0.00,  0.00,  4.00,  0.00,  0.00,  1.00,  0.00
290, 21,  1.00,  0.00,  4.00,  0.00,  0.00,  0.00,  0.00
291, 3,  0.00,  0.00,  3.00,  0.00,  1.00,  1.00,  0.00
292, 21,  1.00,  0.00,  4.00,  0.00,  0.00,  0.00,  0.00
293, 20,  1.00,  0.00,  3.00,  0.00,  0.00,  0.00,  0.00
294, 20,  1.00,  0.00,  3.00,  0.00,  0.00,  0.00,  0.00
295, 21,  1.00,  0.00,  4.00,  0.00,  0.00,  0.00,  0.00
296, 38,  2.00,  0.00,  4.00,  0.00,  0.00,  0.00,  0.00
297, 20,  1.00,  0.00,  3.00,  0.00,  0.00,  0.00,  0.00
298, 38,  2.00,  0.00,  4.00,  0.00,  0.00,  0.00,  0.00
299, 37,  2.00,  0.00,  3.00,  0.00,  0.00,  0.00,  0.00
300, 37,  2.00,  0.00,  3.00,  0.00,  0.00,  0.00,  0.00
301, 38,  2.00,  0.00,  4.00,  0.00,  0.00,  0.00,  0.00
302, 55,  3.00,  0.00,  4.00,  0.00,  0.00,  0.00,  0.00
303, 37,  2.00,  0.00,  3.00,  0.00,  0.00,  0.00,  0.00
304, 55,  3.00,  0.00,  4.00,  0.00,  0.00,  0.00,  0.00
305, 54,  3.00,  0.00,  3.00,  0.00,  0.00,  0.00,  0.00
306, 54,  3.00,  0.00,  3.00,  0.00,  0.00,  0.00,  0.00
307, 55,  3.00,  0.00,  4.00,  0.00,  0.00,  0.00,  0.00
308, 72,  4.00,  0.00,  4.00,  0.00,  0.00,  0.00,  0.00
309, 54,  3.00,  0.00,  3.00,  0.00,  0.00,  0.00,  0.00
310, 72,  4.00,  0.00,  4.00,  0.00,  0.00,  0.00,  0.00
311, 71,  4.00,  0.00,  3.00,  0.00,  0.00,  0.00,  0.00
312, 71,  4.00,  0.00,  3.00,  0.00,  0.00,  0.00,  0.00
313, 72,  4.00,  0.00,  4.00,  0.00,  0.00,  0.00,  0.00
314, 89,  5.00,  0.00,  4.00,  0.00,  0.00,  0.00,  0.00
315, 71,  4.00,  0.00,  3.00,  0.00,  0.00,  0.00,  0.00
316, 89,  5.00,  0.00,  4.00,  0.00,  0.00,  0.00,  0.00
317, 88,  5.00,  0.00,  3.00,  0.00,  0.00,  0.00,  0.00
318, 88,  5.00,  0.00,  3.00,  0.00,  0.00,  0.00,  0.00
319, 89,  5.00,  0.00,  4.00,  0.00,  0.00,  0.00,  0.00
320, 106,  6.00,  0.00,  4.00,  0.00,  0.00,  0.00,  0.00
321, 88,  5.00,  0.00,  3.00,  0.00,  0.00,  0.00,  0.00
322, 106,  6.00,  0.00,  4.00,  0.00,  0.00,  0.00,  0.00
323, 105,  6.00,  0.00,  3.00,  0.00,  0.00,  0.00,  0.00
324, 105,  6.00,  0.00,  3.00,  0.00,  0.00,  0.00,  0.00
325, 106,  6.00,  0.00,  4.00,  0.00,  0.00,  0.00,  0.00
326, 123,  7.00,  0.00,  4.00,  0.00,  0.00,  0.00,  0.00
327, 105,  6.00,  0.00,  3.00,  0.00,  0.00,  0.00,  0.00
328, 123,  7.00,  0.00,  4.00,  0.00,  0.00,  0.00,  0.00
329, 122,  7.00,  0.00,  3.00,  0.00,  0.00,  0.00,  0.00
330, 122,  7.00,  0.00,  3.00,  0.00,  0.00,  0.00,  0.00
331, 123,  7.00,  0.00,  4.00,  0.00,  0.00,  0.00,  0.00
332, 140,  8.00,  0.00,  4.00,  0.00,  0.00,  0.00,  0.00
333, 122,  7.00,  0.00,  3.00,  0.00,  0.00,  0.00,  0.00
334, 140,  8.00,  0.00,  4.00,  0.00,  0.00,  0.00,  0.00
335, 139,  8.00,  0.00,  3.00,  0.00,  0.00,  0.00,  0.00
336, 139,  8.00,  0.00,  3.00,  0.00,  0.00,  0.00,  0.00
337, 140,  8.00,  0.00,  4.00,  0.00,  0.00,  0.00,  0.00
338, 157,  9.00,  0.00,  4.00,  0.00,  0.00,  0.00,  0.00
339, 139,  8.00,  0.00,  3.00,  0.00,  0.00,  0.00,  0.00
340, 157,  9.00,  0.00,  4.00,  0.00,  0.00,  0.00,  0.00
341, 156,  9.00,  0.00,  3.00,  0.00,  0.00,  0.00,  0.00
342, 156,  9.00,  0.00,  3.00,  0.00,  0.00,  0.00,  0.00
343, 157,  9.00,  0.00,  4.00,  0.00,  0.00,  0.00,  0.00
344, 174,  10.00,  0.00,  4.00,  0.00,  0.00,  0.00,  0.00
345, 156,  9.00,  0.00,  3.00,  0.00,  0.00,  0.00,  0.00
346, 174,  10.00,  0.00,  4.00,  0.00,  0.00,  0.00,  0.00
347, 173,  10.00,  0.00,  3.00,  0.00,  0.00,  0.00,  0.00
348, 173,  10.00,  0.00,  3.00,  0.00,  0.00,  0.00,  0.00
349, 174,  10.00,  0.00,  4.00,  0.00,  0.00,  0.00,  0.00
350, 191,  11.00,  0.00,  4.00,  0.00,  0.00,  0.00,  0.00
351, 173,  10.00,  0.00,  3.00,  0.00,  0.00,  0.00,  0.00
352, 191,  11.00,  0.00,  4.00,  0.00,  0.00,  0.00,  0.00
353, 190,  11.00,  0.00,  3.00,  0.00,  0.00,  0.00,  0.00
354, 190,  11.00,  0.00,  3.00,  0.00,  0.00,  0.00,  0.00
355, 191,  11.00,  0.00,  4.00,  0.00,  0.00,  0.00,  0.00
356, 208,  12.00,  0.00,  4.00,  0.00,  0.00,  0.00,  0.00
357, 190,  11.00,  0.00,  3.00,  0.00,  0.00,  0.00,  0.00
358, 208,  12.00,  0.00,  4.00,  0.00,  0.00,  0.00,  0.00
359, 207,  12.00,  0.00,  3.00,  0.00,  0.00,  0.00,  0.00
360, 207,  12.00,  0.00,  3.00,  0.00,  0.00,  0.00,  0.00
361, 208,  12.00,  0.00,  4.00,  0.00,  0.00,  0.00,  0.00
362, 225,  13.00,  0.00,  4.00,  0.00,  0.00,  0.00,  0.00
363, 207,  12.00,  0.00,  3.00,  0.00,  0.00,  0.00,  0.00
364, 225,  13.00,  0.00,  4.00,  0.00,  0.00,  0.00,  0.00
365, 224,  13.00,  0.00,  3.00,  0.00,  0.00,  0.00,  0.00
366, 224,  13.00,  0.00,  3.00,  0.00,  0.00,  0.00,  0.00
367, 225,  13.00,  0.00,  4.00,  0.00,  0.00,  0.00,  0.00
368, 242,  14.00,  0.00,  4.00,  0.00,  0.00,  0.00,  0.00
369, 224,  13.00,  0.00,  3.00,  0.00,  0.00,  0.00,  0.00
370, 242,  14.00,  0.00,  4.00,  0.00,  0.00,  0.00,  0.00
371, 241,  14.00,  0.00,  3.00,  0.00,  0.00,  0.00,  0.00
372, 241,  14.00,  0.00,  3.00,  0.00,  0.00,  0.00,  0.00
373, 242,  14.00,  0.00,  4.00,  0.00,  0.00,  0.00,  0.00
374, 259,  15.00,  0.00,  4.00,  0.00,  0.00,  0.00,  0.00
375, 241,  14.00,  0.00,  3.00,  0.00,  0.00,  0.00,  0.00
376, 259,  15.00,  0.00,  4.00,  0.00,  0.00,  0.00,  0.00
377, 258,  15.00,  0.00,  3.00,  0.00,  0.00,  0.00,  0.00
378, 258,  15.00,  0.00,  3.00,  0.00,  0.00,  0.00,  0.00
379, 259,  15.00,  0.00,  4.00,  0.00,  0.00,  0.00,  0.00
380, 276,  16.00,  0.00,  4.00,  0.00,  0.00,  2.00,  0.00
381, 258,  15.00,  0.00,  3.00,  0.00,  0.00,  0.00,  0.00
382, 276,  16.00,  0.00,  4.00,  0.00,  0.00,  2.00,  0.00
383, 275,  16.00,  0.00,  3.00,  0.00, -1.00,  2.00,  0.00
384, 4,  0.00,  0.00,  4.00,  0.00,  0.00,  1.00,  0.00
385, 5,  0.00,  0.00,  5.00,  0.00,  1.00,  1.00,  0.00
386, 22,  1.00,  0.00,  5.00,  0.00,  0.00,  0.00,  0.00
387, 4,  0.00,  0.00,  4.00,  0.00,  0.00,  1.00,  0.00
388, 22,  1.00,  0.00,  5.00,  0.00,  0.00,  0.00,  0.00
389, 21,  1.00,  0.00,  4.00,  0.00,  0.00,  0.00,  0.00
390, 21,  1.00,  0.00,  4.00,  0.00,  0.00,  0.00,  0.00
391, 22,  1.00,  0.00,  5.00,  0.00,  0.00,  0.00,  0.00
392, 39,  2.00,  0.00,  5.00,  0.00,  0.00,  0.00,  0.00
393, 21,  1.00,  0.00,  4.00,  0.00,  0.00,  0.00,  0.00
394, 39,  2.00,  0.00,  5.00,  0.00,  0.00,  0.00,  0.00
395, 38,  2.00,  0.00,  4.00,  0.00,  0.00,  0.00,  0.00
396, 38,  2.00,  0.00,  4.00,  0.00,  0.00,  0.00,  0.00
397, 39,  2.00,  0.00,  5.00,  0.00,  0.00,  0.00,  0.00
398, 56,  3.00,  0.00,  5.00,  0.00,  0.00,  0.00,  0.00
399, 38,  2.00,  0.00,  4.00,  0.00,  0.00,  0.00,  0.00
400, 56,  3.00,  0.00,  5.00,  0.00,  0.00,  0.00,  0.00
401, 55,  3.00,  0.00,  4.00,  0.00,  0.00,  0.00,  0.00
402, 55,  3.00,  0.00,  4.00,  0.00,  0.00,  0.00,  0.00
403, 56,  3.00,  0.00,  5.00,  0.00,  0.00,  0.00,  0.00
404, 73,  4.00,  0.00,  5.00,  0.00,  0.00,  0.00,  0.00
405, 55,  3.00,  0.00,  4.00,  0.00,  0.00,  0.00,  0.00
406, 73,  4.00,  0.00,  5.00,  0.00,  0.00,  0.00,  0.00
407, 72,  4.00,  0.00,  4.00,  0.00,  0.00,  0.00,  0.00
408, 72,  4.00,  0.00,  4.00,  0.00,  0.00,  0.00,  0.00
409, 73,  4.00,  0.00,  5.00,  0.00,  0.00,  0.00,  0.00
410, 90,  5.00,  0.00,  5.00,  0.00,  0.00,  0.00,  0.00
411, 72,  4.00,  0.00,  4.00,  0.00,  0.00,  0.00,  0.00
412, 90,  5.00,  0.00,  5.00,  0.00,  0.00,  0.00,  0.00
413, 89,  5.00,  0.00,  4.00,  0.00,  0.00,  0.00,  0.00
414, 89,  5.00,  0.00,  4.00,  0.00,  0.00,  0.00,  0.00
415, 90,  5.00,  0.00,  5.00,  0.00,  0.00,  0.00,  0.00
416, 107,  6.00,  0.00,  5.00,  0.00,  0.00,  0.00,  0.00
417, 89,  5.00,  0.00,  4.00,  0.00,  0.00,  0.00,  0.00
418, 107,  6.00,  0.00,  5.00,  0.00,  0.00,  0.00,  0.00
419, 106,  6.00,  0.00,  4.00,  0.00,  0.00,  0.00,  0.00
420, 106,  6.00,  0.00,  4.00,  0.00,  0.00,  0.00,  0.00
421, 107,  6.00,  0.00,  5.00,  0.00,  0.00,  0.00,  0.00
422, 124,  7.00,  0.00,  5.00,  0.00,  0.00,  0.00,  0.00
423, 106,  6.00,  0.00,  4.00,  0.00,  0.00,  0.00,  0.00
424, 124,  7.00,  0.00,  5.00,  0.00,  0.00,  0.00,  0.00
425, 123,  7.00,  0.00,  4.00,  0.00,  0.00,  0.00,  0.00
426, 123,  7.00,  0.00,  4.00,  0.00,  0.00,  0.00,  0.00
427, 124,  7.00,  0.00,  5.00,  0.00,  0.00,  0.00,  0.00
428, 141,  8.00,  0.00,  5.00,  0.00,  0.00,  0.00,  0.00
429, 123,  7.00,  0.00,  4.00,  0.00,  0.00,  0.00,  0.00
430, 141,  8.00,  0.00,  5.00,  0.00,  0.00,  0.00,  0.00
431, 140,  8.00,  0.00,  4.00,  0.00,  0.00,  0.00,  0.00
432, 140,  8.00,  0.00,  4.00,  0.00,  0.00,  0.00,  0.00
433, 141,  8.00,  0.00,  5.00,  0.00,  0.00,  0.00,  0.00
434, 158,  9.00,  0.00,  5.00,  0.00,  0.00,  0.00,  0.00
435, 140,  8.00,  0.00,  4.00,  0.00,  0.00,  0.00,  0.00
436, 158,  9.00,  0.00,  5.00,  0.00,  0.00,  0.00,  0.00
437, 157,  9.00,  0.00,  4.00,  0.00,  0.00,  0.00,  0.00
438, 157,  9.00,  0.00,  4.00,  0.00,  0.00,  0.00,  0.00
439, 158,  9.00,  0.00,  5.00,  0.00,  0.00,  0.00,  0.00
440, 175,  10.00,  0.00,  5.00,  0.00,  0.00,  0.00,  0.00
441, 157,  9.00,  0.00,  4.00,  0.00,  0.00,  0.00,  0.00
442, 175,  10.00,  0.00,  5.00,  0.00,  0.00,  0.00,  0.00
443, 174,  10.00,  0.00,  4.00,  0.00,  0.00,  0.00,  0.00
444, 174,  10.00,  0.00,  4.00,  0.00,  0.00,  0.00,  0.00
445, 175,  10.00,  0.00,  5.00,  0.00,  0.00,  0.00,  0.00
446, 192,  11.00,  0.00,  5.00,  0.00,  0.00,  0.00,  0.00
447, 174,  10.00,  0.00,  4.00,  0.00,  0.00,  0.00,  0.00
448, 192,  11.00,  0.00,  5.00,  0.00,  0.00,  0.00,  0.00
449, 191,  11.00,  0.00,  4.00,  0.00,  0.00,  0.00,  0.00
450, 191,  11.00,  0.00,  4.00,  0.00,  0.00,  0.00,  0.00
451, 192,  11.00,  0.00,  5.00,  0.00,  0.00,  0.00,  0.00
452, 209,  12.00,  0.00,  5.00,  0.00,  0.00,  0.00,  0.00
453, 191,  11.00,  0.00,  4.00,  0.00,  0.00,  0.00,  0.00
454, 209,  12.00,  0.00,  5.00,  0.00,  0.00,  0.00,  0.00
455, 208,  12.00,  0.00,  4.00,  0.00,  0.00,  0.00,  0.00
456, 208,  12.00,  0.00,  4.00,  0.00,  0.00,  0.00,  0.00
457, 209,  12.00,  0.00,  5.00,  0.00,  0.00,  0.00,  0.00
458, 226,  13.00,  0.00,  5.00,  0.00,  0.00,  0.00,  0.00
459, 208,  12.00,  0.00,  4.00,  0.00,  0.00,  0.00,  0.00
460, 226,  13.00,  0.00,  5.00,  0.00,  0.00,  0.00,  0.00
461, 225,  13.00,  0.00,  4.00,  0.00,  0.00,  0.00,  0.00
462, 225,  13.00,  0.00,  4.00,  0.00,  0.00,  0.00,  0.00
463, 226,  13.00,  0.00,  5.00,  0.00,  0.00,  0.00,  0.00
464, 243,  14.00,  0.00,  5.00,  0.00,  0.00,  0.00,  0.00
465, 225,  13.00,  0.00,  4.00,  0.00,  0.00,  0.00,  0.00
466, 243,  14.00,  0.00,  5.00,  0.00,  0.00,  0.00,  0.00
467, 242,  14.00,  0.00,  4.00,  0.00,  0.00,  0.00,  0.00
468, 242,  14.00,  0.00,  4.00,  0.00,  0.00,  0.00,  0.00
469, 243,  14.00,  0.00,  5.00,  0.00,  0.00,  0.00,  0.00
470, 260,  15.00,  0.00,  5.00,  0.00,  0.00,  0.00,  0.00
471, 242,  14.00,  0.00,  4.00,  0.00,  0.00,  0.00,  0.00
472, 260,  15.00,  0.00,  5.00,  0.00,  0.00,  0.00,  0.00
473, 259,  15.00,  0.00,  4.00,  0.00,  0.00,  0.00,  0.00
474, 259,  15.00,  0.00,  4.00,  0.00,  0.00,  0.00,  0.00
475, 260,  15.00,  0.00,  5.00,  0.00,  0.00,  0.00,  0.00
476, 277,  16.00,  0.00,  5.00,  0.00, -1.00,  2.00,  0.00
477, 259,  15.00,  0.00,  4.00,  0.00,  0.00,  0.00,  0.00
478, 277,  16.00,  0.00,  5.00,  0.00, -1.00,  2.00,  0.00
479, 276,  16.00,  0.00,  4.00,  0.00,  0.00,  2.00,  0.00
480, 5,  0.00,  0.00,  5.00,  0.00,  1.00,  1.00,  0.00
481, 6,  0.00,  0.00,  6.00,  0.00,  0.00,  1.00,  0.00
482, 23,  1.00,  0.00,  6.00,  0.00,  0.00,  0.00,  0.00
483, 5,  0.00,  0.00,  5.00,  0.00,  1.00,  1.00,  0.00
484, 23,  1.00,  0.00,  6.00,  0.00,  0.00,  0.00,  0.00
485, 22,  1.00,  0.00,  5.00,  0.00,  0.00,  0.00,  0.00
486, 22,  1.00,  0.00,  5.00,  0.00,  0.00,  0.00,  0.00
487, 23,  1.00,  0.00,  6.00,  0.00,  0.00,  0.00,  0.00
488, 40,  2.00,  0.00,  6.00,  0.00,  0.00,  0.00,  0.00
489, 22,  1.00,  0.00,  5.00,  0.00,  0.00,  0.00,  0.00
490, 40,  2.00,  0.00,  6.00,  0.00,  0.00,  0.00,  0.00
491, 39,  2.00,  0.00,  5.00,  0.00,  0.00,  0.00,  0.00
492, 39,  2.00,  0.00,  5.00,  0.00,  0.00,  0.00,  0.00
493, 40,  2.00,  0.00,  6.00,  0.00,  0.00,  0.00,  0.00
494, 57,  3.00,  0.00,  6.00,  0.00,  0.00,  0.00,  0.00
495, 39,  2.00,  0.00,  5.00,  0.00,  0.00,  0.00,  0.00
496, 57,  3.00,  0.00,  6.00,  0.00,  0.00,  0.00,  0.00
497, 56,  3.00,  0.00,  5.00,  0.00,  0.00,  0.00,  0.00
498, 56,  3.00,  0.00,  5.00,  0.00,  0.00,  0.00,  0.00
499, 57,  3.00,  0.00,  6.00,  0.00,  0.00,  0.00,  0.00
500, 74,  4.00,  0.00,  6.00,  0.00,  0.00,  0.00,  0.00
501, 56,  3.00,  0.00,  5.00,  0.00,  0.00,  0.00,  0.00
502, 74,  4.00,  0.00,  6.00,  0.00,  0.00,  0.00,  0.00
503, 73,  4.00,  0.00,  5.00,  0.00,  0.00,  0.00,  0.00
504, 73,  4.00,  0.00,  5.00,  0.00,  0.00,  0.00,  0.00
505, 74,  4.00,  0.00,  6.00,  0.00,  0.00,  0.00,  0.00
506, 91,  5.00,  0.00,  6.00,  0.00,  0.00,  0.00,  0.00
507, 73,  4.00,  0.00,  5.00,  0.00,  0.00,  0.00,  0.00
508, 91,  5.00,  0.00,  6.00,  0.00,  0.00,  0.00,  0.00
509, 90,  5.00,  0.00,  5.00,  0.00,  0.00,  0.00,  0.00
510, 90,  5.00,  0.00,  5.00,  0.00,  0.00,  0.00,  0.00
511, 91,  5.00,  0.00,  6.00,  0.00,  0.00,  0.00,  0.00
512, 108,  6.00,  0.00,  6.00,  0.00,  0.00,  0.00,  0.00
513, 90,  5.00,  0.00,  5.00,  0.00,  0.00,  0.00,  0.00
514, 108,  6.00,  0.00,  6.00,  0.00,  0.00,  0.00,  0.00
515, 107,  6.00,  0.00,  5.00,  0.00,  0.00,  0.00,  0.00
516, 107,  6.00,  0.00,  5.00,  0.00,  0.00,  0.00,  0.00
517, 108,  6.00,  0.00,  6.00,  0.00,  0.00,  0.00,  0.00
518, 125,  7.00,  0.00,  6.00,  0.00,  0.00,  0.00,  0.00
519, 107,  6.00,  0.00,  5.00,  0.00,  0.00,  0.00,  0.00
520, 125,  7.00,  0.00,  6.00,  0.00,  0.00,  0.00,  0.00
521, 124,  7.00,  0.00,  5.00,  0.00,  0.00,  0.00,  0.00
522, 124,  7.00,  0.00,  5.00,  0.00,  0.00,  0.00,  0.00
523, 125,  7.00,  0.00,  6.00,  0.00,  0.00,  0.00,  0.00
524, 142,  8.00,  0.00,  6.00,  0.00,  0.00,  0.00,  0.00
525, 124,  7.00,  0.00,  5.00,  0.00,  0.00,  0.00,  0.00
526, 142,  8.00,  0.00,  6.00,  0.00,  0.00,  0.00,  0.00
527, 141,  8.00,  0.00,  5.00,  0.00,  0.00,  0.00,  0.00
528, 141,  8.00,  0.00,  5.00,  0.00,  0.00,  0.00,  0.00
529, 142,  8.00,  0.00,  6.00,  0.00,  0.00,  0.00,  0.00
530, 159,  9.00,  0.00,  6.00,  0.00,  0.00,  0.00,  0.00
531, 141,  8.00,  0.00,  5.00,  0.00,  0.00,  0.00,  0.00
532, 159,  9.00,  0.00,  6.00,  0.00,  0.00,  0.00,  0.00
533, 158,  9.00,  0.00,  5.00,  0.00,  0.00,  0.00,  0.00
534, 158,  9.00,  0.00,  5.00,  0.00,  0.00,  0.00,  0.00
535, 159,  9.00,  0.00,  6.00,  0.00,  0.00,  0.00,  0.00
536, 176,  10.00,  0.00,  6.00,  0.00,  0.00,  0.00,  0.00
537, 158,  9.00,  0.00,  5.00,  0.00,  0.00,  0.00,  0.00
538, 176,  10.00,  0.00,  6.00,  0.00,  0.00,  0.00,  0.00
539, 175,  10.00,  0.00,  5.00,  0.00,  0.00,  0.00,  0.00
540, 175,  10.00,  0.00,  5.00,  0.00,  0.00,  0.00,  0.00
541, 176,  10.00,  0.00,  6.00,  0.00,  0.00,  0.00,  0.00
542, 193,  11.00,  0.00,  6.00,  0.00,  0.00,  0.00,  0.00
543, 175,  10.00,  0.00,  5.00,  0.00,  0.00,  0.00,  0.00
544, 193,  11.00,  0.00,  6.00,  0.00,  0.00,  0.00,  0.00
545, 192,  11.00,  0.00,  5.00,  0.00,  0.00,  0.00,  0.00
546, 192,  11.00,  0.00,  5.00,  0.00,  0.00,  0.00,  0.00
547, 193,  11.00,  0.00,  6.00,  0.00,  0.00,  0.00,  0.00
548, 210,  12.00,  0.00,  6.00,  0.00,  0.00,  0.00,  0.00
549, 192,  11.00,  0.00,  5.00,  0.00,  0.00,  0.00,  0.00
550, 210,  12.00,  0.00,  6.00,  0.00,  0.00,  0.00,  0.00
551, 209,  12.00,  0.00,  5.00,  0.00,  0.00,  0.00,  0.00
552, 209,  12.00,  0.00,  5.00,  0.00,  0.00,  0.00,  0.00
553, 210,  12.00,  0.00,  6.00,  0.00,  0.00,  0.00,  0.00
554, 227,  13.00,  0.00,  6.00,  0.00,  0.00,  0.00,  0.00
555, 209,  12.00,  0.00,  5.00,  0.00,  0.00,  0.00,  0.00
556, 227,  13.00,  0.00,  6.00,  0.00,  0.00,  0.00,  0.00
557, 226,  13.00,  0.00,  5.00,  0.00,  0.00,  0.00,  0.00
558, 226,  13.00,  0.00,  5.00,  0.00,  0.00,  0.00,  0.00
559, 227,  13.00,  0.00,  6.00,  0.00,  0.00,  0.00,  0.00
560, 244,  14.00,  0.00,  6.00,  0.00,  0.00,  0.00,  0.00
561, 226,  13.00,  0.00,  5.00,  0.00,  0.00,  0.00,  0.00
562, 244,  14.00,  0.00,  6.00,  0.00,  0.00,  0.00,  0.00
563, 243,  14.00,  0.00,  5.00,  0.00,  0.00,  0.00,  0.00
564, 243,  14.00,  0.00,  5.00,  0.00,  0.00,  0.00,  0.00
565, 244,  14.00,  0.00,  6.00,  0.00,  0.00,  0.00,  0.00
566, 261,  15.00,  0.00,  6.00,  0.00,  0.00,  0.00,  0.00
567, 243,  14.00,  0.00,  5.00,  0.00,  0.00,  0.00,  0.00
568, 261,  15.00,  0.00,  6.00,  0.00,  0.00,  0.00,  0.00
569, 260,  15.00,  0.00,  5.00,  0.00,  0.00,  0.00,  0.00
570, 260,  15.00,  0.00,  5.00,  0.00,  0.00,  0.00,  0.00
571, 261,  15.00,  0.00,  6.00,  0.00,  0.00,  0.00,  0.00
572, 278,  16.00,  0.00,  6.00,  0.00,  0.00,  2.00,  0.00
573, 260,  15.00,  0.00,  5.00,  0.00,  0.00,  0.00,  0.00
574, 278,  16.00,  0.00,  6.00,  0.00,  0.00,  2.00,  0.00
575, 277,  16.00,  0.00,  5.00,  0.00, -1.00,  2.00,  0.00
576, 6,  0.00,  0.00,  6.00,  0.00,  0.00,  1.00,  0.00
577, 7,  0.00,  0.00,  7.00,  0.00,  1.00,  1.00,  0.00
578, 24,  1.00,  0.00,  7.00,  0.00,  0.00,  0.00,  0.00
579, 6,  0.00,  0.00,  6.00,  0.00,  0.00,  1.00,  0.00
580, 24,  1.00,  0.00,  7.00,  0.00,  0.00,  0.00,  0.00
581, 23,  1.00,  0.00,  6.00,  0.00,  0.00,  0.00,  0.00
582, 23,  1.00,  0.00,  6.00,  0.00,  0.00,  0.00,  0.00
583, 24,  1.00,  0.00,  7.00,  0.00,  0.00,  0.00,  0.00
584, 41,  2.00,  0.00,  7.00,  0.00,  0.00,  0.00,  0.00
585, 23,  1.00,  0.00,  6.00,  0.00,  0.00,  0.00,  0.00
586, 41,  2.00,  0.00,  7.00,  0.00,  0.00,  0.00,  0.00
587, 40,  2.00,  0.00,  6.00,  0.00,  0.00,  0.00,  0.00
588, 40,  2.00,  0.00,  6.00,  0.00,  0.00,  0.00,  0.00
589, 41,  2.00,  0.00,  7.00,  0.00,  0.00,  0.00,  0.00
590, 58,  3.00,  0.00,  7.00,  0.00,  0.00,  0.00,  0.00
591, 40,  2.00,  0.00,  6.00,  0.00,  0.00,  0.00,  0.00
592, 58,  3.00,  0.00,  7.00,  0.00,  0.00,  0.00,  0.00
593, 57,  3.00,  0.00,  6.00,  0.00,  0.00,  0.00,  0.00
594, 57,  3.00,  0.00,  6.00,  0.00,  0.00,  0.00,  0.00
595, 58,  3.00,  0.00,  7.00,  0.00,  0.00,  0.00,  0.00
596, 75,  4.00,  0.00,  7.00,  0.00,  0.00,  0.00,  0.00
597, 57,  3.00,  0.00,  6.00,  0.00,  0.00,  0.00,  0.00
598, 75,  4.00,  0.00,  7.00,  0.00,  0.00,  0.00,  0.00
599, 74,  4.00,  0.00,  6.00,  0.00,  0.00,  0.00,  0.00
600, 74,  4.00,  0.00,  6.00,  0.00,  0.00,  0.00,  0.00
601, 75,  4.00,  0.00,  7.00,  0.00,  0.00,  0.00,  0.00
602, 92,  5.00,  0.00,  7.00,  0.00,  0.00,  0.00,  0.00
603, 74,  4.00,  0.00,  6.00,  0.00,  0.00,  0.00,  0.00
604, 92,  5.00,  0.00,  7.00,  0.00,  0.00,  0.00,  0.00
605, 91,  5.00,  0.00,  6.00,  0.00,  0.00,  0.00,  0.00
606, 91,  5.00,  0.00,  6.00,  0.00,  0.00,  0.00,  0.00
607, 92,  5.00,  0.00,  7.00,  0.00,  0.00,  0.00,  0.00
608, 109,  6.00,  0.00,  7.00,  0.00,  0.00,  0.00,  0.00
609, 91,  5.00,  0.00,  6.00,  0.00,  0.00,  0.00,  0.00
610, 109,  6.00,  0.00,  7.00,  0.00,  0.00,  0.00,  0.00
611, 108,  6.00,  0.00,  6.00,  0.00,  0.00,  0.00,  0.00
612, 108,  6.00,  0.00,  6.00,  0.00,  0.00,  0.00,  0.00
613, 109,  6.00,  0.00,  7.00,  0.00,  0.00,  0.00,  0.00
614, 126,  7.00,  0.00,  7.00,  0.00,  0.00,  0.00,  0.00
615, 108,  6.00,  0.00,  6.00,  0.00,  0.00,  0.00,  0.00
616, 126,  7.00,  0.00,  7.00,  0.00,  0.00,  0.00,  0.00
617, 125,  7.00,  0.00,  6.00,  0.00,  0.00,  0.00,  0.00
618, 125,  7.00,  0.00,  6.00,  0.00,  0.00,  0.00,  0.00
619, 126,  7.00,  0.00,  7.00,  0.00,  0.00,  0.00,  0.00
620, 143,  8.00,  0.00,  7.00,  0.00,  0.00,  0.00,  0.00
621, 125,  7.00,  0.00,  6.00,  0.00,  0.00,  0.00,  0.00
622, 143,  8.00,  0.00,  7.00,  0.00,  0.00,  0.00,  0.00
623, 142,  8.00,  0.00,  6.00,  0.00,  0.00,  0.00,  0.00
624, 142,  8.00,  0.00,  6.00,  0.00,  0.00,  0.00,  0.00
625, 143,  8.00,  0.00,  7.00,  0.00,  0.00,  0.00,  0.00
626, 160,  9.00,  0.00,  7.00,  0.00,  0.00,  0.00,  0.00
627, 142,  8.00,  0.00,  6.00,  0.00,  0.00,  0.00,  0.00
628, 160,  9.00,  0.00,  7.00,  0.00,  0.00,  0.00,  0.00
629, 159,  9.00,  0.00,  6.00,  0.00,  0.00,  0.00,  0.00
630, 159,  9.00,  0.00,  6.00,  0.00,  0.00,  0.00,  0.00
631, 160,  9.00,  0.00,  7.00,  0.00,  0.00,  0.00,  0.00
632, 177,  10.00,  0.00,  7.00,  0.00,  0.00,  0.00,  0.00
633, 159,  9.00,  0.00,  6.00,  0.00,  0.00,  0.00,  0.00
634, 177,  10.00,  0.00,  7.00,  0.00,  0.00,  0.00,  0.00
635, 176,  10.00,  0.00,  6.00,  0.00,  0.00,  0.00,  0.00
636, 176,  10.00,  0.00,  6.00,  0.00,  0.00,  0.00,  0.00
637, 177,  10.00,  0.00,  7.00,  0.00,  0.00,  0.00,  0.00
638, 194,  11.00,  0.00,  7.00,  0.00,  0.00,  0.00,  0.00
639, 176,  10.00,  0.00,  6.00,  0.00,  0.00,  0.00,  0.00
640, 194,  11.00,  0.00,  7.00,  0.00,  0.00,  0.00,  0.00
641, 193,  11.00,  0.00,  6.00,  0.00,  0.00,  0.00,  0.00
642, 193,  11.00,  0.00,  6.00,  0.00,  0.00,  0.00,  0.00
643, 194,  11.00,  0.00,  7.00,  0.00,  0.00,  0.00,  0.00
644, 211,  12.00,  0.00,  7.00,  0.00,  0.00,  0.00,  0.00
645, 193,  11.00,  0.00,  6.00,  0.00,  0.00,  0.00,  0.00
646, 211,  12.00,  0.00,  7.00,  0.00,  0.00,  0.00,  0.00
647, 210,  12.00,  0.00,  6.00,  0.00,  0.00,  0.00,  0.00
648, 210,  12.00,  0.00,  6.00,  0.00,  0.00,  0.00,  0.00
649, 211,  12.00,  0.00,  7.00,  0.00,  0.00,  0.00,  0.00
650, 228,  13.00,  0.00,  7.00,  0.00,  0.00,  0.00,  0.00
651, 210,  12.00,  0.00,  6.00,  0.00,  0.00,  0.00,  0.00
652, 228,  13.00,  0.00,  7.00,  0.00,  0.00,  0.00,  0.00
653, 227,  13.00,  0.00,  6.00,  0.00,  0.00,  0.00,  0.00
654, 227,  13.00,  0.00,  6.00,  0.00,  0.00,  0.00,  0.00
655, 228,  13.00,  0.00,  7.00,  0.00,  0.00,  0.00,  0.00
656, 245,  14.00,  0.00,  7.00,  0.00,  0.00,  0.00,  0.00
657, 227,  13.00,  0.00,  6.00,  0.00,  0.00,  0.00,  0.00
658, 245,  14.00,  0.00,  7.00,  0.00,  0.00,  0.00,  0.00
659, 244,  14.00,  0.00,  6.00,  0.00,  0.00,  0.00,  0.00
660, 244,  14.00,  0.00,  6.00,  0.00,  0.00,  0.00,  0.00
661, 245,  14.00,  0.00,  7.00,  0.00,  0.00,  0.00,  0.00
662, 262,  15.00,  0.00,  7.00,  0.00,  0.00,  0.00,  0.00
663, 244,  14.00,  0.00,  6.00,  0.00,  0.00,  0.00,  0.00
664, 262,  15.00,  0.00,  7.00,  0.00,  0.00,  0.00,  0.00
665, 261,  15.00,  0.00,  6.00,  0.00,  0.00,  0.00,  0.00
666, 261,  15.00,  0.00,  6.00,  0.00,  0.00,  0.00,  0.00
667, 262,  15.00,  0.00,  7.00,  0.00,  0.00,  0.00,  0.00
668, 279,  16.00,  0.00,  7.00,  0.00, -1.00,  2.00,  0.00
669, 261,  15.00,  0.00,  6.00,  0.00,  0.00,  0.00,  0.00
670, 279,  16.00,  0.00,  7.00,  0.00, -1.00,  2.00,  0.00
671, 278,  16.00,  0.00,  6.00,  0.00,  0.00,  2.00,  0.00
672, 7,  0.00,  0.00,  7.00,  0.00,  1.00,  1.00,  0.00
673, 8,  0.00,  0.00,  8.00,  0.00,  0.00,  1.00,  0.00
674, 25,  1.00,  0.00,  8.00,  0.00,  0.00,  0.00,  0.00
675, 7,  0.00,  0.00,  7.00,  0.00,  1.00,  1.00,  0.00
676, 25,  1.00,  0.00,  8.00,  0.00,  0.00,  0.00,  0.00
677, 24,  1.00,  0.00,  7.00,  0.00,  0.00,  0.00,  0.00
678, 24,  1.00,  0.00,  7.00,  0.00,  0.00,  0.00,  0.00
679, 25,  1.00,  0.00,  8.00,  0.00,  0.00,  0.00,  0.00
680, 42,  2.00,  0.00,  8.00,  0.00,  0.00,  0.00,  0.00
681, 24,  1.00,  0.00,  7.00,  0.00,  0.00,  0.00,  0.00
682, 42,  2.00,  0.00,  8.00,  0.00,  0.00,  0.00,  0.00
683, 41,  2.00,  0.00,  7.00,  0.00,  0.00,  0.00,  0.00
684, 41,  2.00,  0.00,  7.00,  0.00,  0.00,  0.00,  0.00
685, 42,  2.00,  0.00,  8.00,  0.00,  0.00,  0.00,  0.00
686, 59,  3.00,  0.00,  8.00,  0.00,  0.00,  0.00,  0.00
687, 41,  2.00,  0.00,  7.00,  0.00,  0.00,  0.00,  0.00
688, 59,  3.00,  0.00,  8.00,  0.00,  0.00,  0.00,  0.00
689, 58,  3.00,  0.00,  7.00,  0.00,  0.00,  0.00,  0.00
690, 58,  3.00,  0.00,  7.00,  0.00,  0.00,  0.00,  0.00
691, 59,  3.00,  0.00,  8.00,  0.00,  0.00,  0.00,  0.00
692, 76,  4.00,  0.00,  8.00,  0.00,  0.00,  0.00,  0.00
693, 58,  3.00,  0.00,  7.00,  0.00,  0.00,  0.00,  0.00
694, 76,  4.00,  0.00,  8.00,  0.00,  0.00,  0.00,  0.00
695, 75,  4.00,  0.00,  7.00,  0.00,  0.00,  0.00,  0.00
696, 75,  4.00,  0.00,  7.00,  0.00,  0.00,  0.00,  0.00
697, 76,  4.00,  0.00,  8.00,  0.00,  0.00,  0.00,  0.00
698, 93,  5.00,  0.00,  8.00,  0.00,  0.00,  0.00,  0.00
699, 75,  4.00,  0.00,  7.00,  0.00,  0.00,  0.00,  0.00
700, 93,  5.00,  0.00,  8.00,  0.00,  0.00,  0.00,  0.00
701, 92,  5.00,  0.00,  7.00,  0.00,  0.00,  0.00,  0.00
702, 92,  5.00,  0.00,  7.00,  0.00,  0.00,  0.00,  0.00
703, 93,  5.00,  0.00,  8.00,  0.00,  0.00,  0.00,  0.00
704, 110,  6.00,  0.00,  8.00,  0.00,  0.00,  0.00,  0.00
705, 92,  5.00,  0.00,  7.00,  0.00,  0.00,  0.00,  0.00
706, 110,  6.00,  0.00,  8.00,  0.00,  0.00,  0.00,  0.00
707, 109,  6.00,  0.00,  7.00,  0.00,  0.00,  0.00,  0.00
708, 109,  6.00,  0.00,  7.00,  0.00,  0.00,  0.00,  0.00
709, 110,  6.00,  0.00,  8.00,  0.00,  0.00,  0.00,  0.00
710, 127,  7.00,  0.00,  8.00,  0.00,  0.00,  0.00,  0.00
711, 109,  6.00,  0.00,  7.00,  0.00,  0.00,  0.00,  0.00
712, 127,  7.00,  0.00,  8.00,  0.00,  0.00,  0.00,  0.00
713, 126,  7.00,  0.00,  7.00,  0.00,  0.00,  0.00,  0.00
714, 126,  7.00,  0.00,  7.00,  0.00,  0.00,  0.00,  0.00
715, 127,  7.00,  0.00,  8.00,  0.00,  0.00,  0.00,  0.00
716, 144,  8.00,  0.00,  8.00,  0.00,  0.00,  0.00,  0.00
717, 126,  7.00,  0.00,  7.00,  0.00,  0.00,  0.00,  0.00
718, 144,  8.00,  0.00,  8.00,  0.00,  0.00,  0.00,  0.00
719, 143,  8.00,  0.00,  7.00,  0.00,  0.00,  0.00,  0.00
720, 143,  8.00,  0.00,  7.00,  0.00,  0.00,  0.00,  0.00
721, 144,  8.00,  0.00,  8.00,  0.00,  0.00,  0.00,  0.00
722, 161,  9.00,  0.00,  8.00,  0.00,  0.00,  0.00,  0.00
723, 143,  8.00,  0.00,  7.00,  0.00,  0.00,  0.00,  0.00
724, 161,  9.00,  0.00,  8.00,  0.00,  0.00,  0.00,  0.00
725, 160,  9.00,  0.00,  7.00,  0.00,  0.00,  0.00,  0.00
726, 160,  9.00,  0.00,  7.00,  0.00,  0.00,  0.00,  0.00
727, 161,  9.00,  0.00,  8.00,  0.00,  0.00,  0.00,  0.00
728, 178,  10.00,  0.00,  8.00,  0.00,  0.00,  0.00,  0.00
729, 160,  9.00,  0.00,  7.00,  0.00,  0.00,  0.00,  0.00
730, 178,  10.00,  0.00,  8.00,  0.00,  0.00,  0.00,  0.00
731, 177,  10.00,  0.00,  7.00,  0.00,  0.00,  0.00,  0.00
732, 177,  10.00,  0.00,  7.00,  0.00,  0.00,  0.00,  0.00
733, 178,  10.00,  0.00,  8.00,  0.00,  0.00,  0.00,  0.00
734, 195,  11.00,  0.00,  8.00,  0.00,  0.00,  0.00,  0.00
735, 177,  10.00,  0.00,  7.00,  0.00,  0.00,  0.00,  0.00
736, 195,  11.00,  0.00,  8.00,  0.00,  0.00,  0.00,  0.00
737, 194,  11.00,  0.00,  7.00,  0.00,  0.00,  0.00,  0.00
738, 194,  11.00,  0.00,  7.00,  0.00,  0.00,  0.00,  0.00
739, 195,  11.00,  0.00,  8.00,  0.00,  0.00,  0.00,  0.00
740, 212,  12.00,  0.00,  8.00,  0.00,  0.00,  0.00,  0.00
741, 194,  11.00,  0.00,  7.00,  0.00,  0.00,  0.00,  0.00
742, 212,  12.00,  0.00,  8.00,  0.00,  0.00,  0.00,  0.00
743, 211,  12.00,  0.00,  7.00,  0.00,  0.00,  0.00,  0.00
744, 211,  12.00,  0.00,  7.00,  0.00,  0.00,  0.00,  0.00
745, 212,  12.00,  0.00,  8.00,  0.00,  0.00,  0.00,  0.00
746, 229,  13.00,  0.00,  8.00,  0.00,  0.00,  0.00,  0.00
747, 211,  12.00,  0.00,  7.00,  0.00,  0.00,  0.00,  0.00
748, 229,  13.00,  0.00,  8.00,  0.00,  0.00,  0.00,  0.00
749, 228,  13.00,  0.00,  7.00,  0.00,  0.00,  0.00,  0.00
750, 228,  13.00,  0.00,  7.00,  0.00,  0.00,  0.00,  0.00
751, 229,  13.00,  0.00,  8.00,  0.00,  0.00,  0.00,  0.00
752, 246,  14.00,  0.00,  8.00,  0.00,  0.00,  0.00,  0.00
753, 228,  13.00,  0.00,  7.00,  0.00,  0.00,  0.00,  0.00
754, 246,  14.00,  0.00,  8.00,  0.00,  0.00,  0.00,  0.00
755, 245,  14.00,  0.00,  7.00,  0.00,  0.00,  0.00,  0.00
756, 245,  14.00,  0.00,  7.00,  0.00,  0.00,  0.00,  0.00
757, 246,  14.00,  0.00,  8.00,  0.00,  0.00,  0.00,  0.00
758, 263,  15.00,  0.00,  8.00,  0.00,  0.00,  0.00,  0.00
759, 245,  14.00,  0.00,  7.00,  0.00,  0.00,  0.00,  0.00
760, 263,  15.00,  0.00,  8.00,  0.00,  0.00,  0.00,  0.00
761, 262,  15.00,  0.00,  7.00,  0.00,  0.00,  0.00,  0.00
762, 262,  15.00,  0.00,  7.00,  0.00,  0.00,  0.00,  0.00
763, 263,  15.00,  0.00,  8.00,  0.00,  0.00,  0.00,  0.00
764, 280,  16.00,  0.00,  8.00,  0.00,  0.00,  2.00,  0.00
765, 262,  15.00,  0.00,  7.00,  0.00,  0.00,  0.00,  0.00
766, 280,  16.00,  0.00,  8.00,  0.00,  0.00,  2.00,  0.00
767, 279,  16.00,  0.00,  7.00,  0.00, -1.00,  2.00,  0.00
768, 8,  0.00,  0.00,  8.00,  0.00,  0.00,  1.00,  0.00
769, 9,  0.00,  0.00,  9.00,  0.00,  1.00,  1.00,  0.00
770, 26,  1.00,  0.00,  9.00,  0.00,  0.00,  0.00,  0.00
771, 8,  0.00,  0.00,  8.00,  0.00,  0.00,  1.00,  0.00
772, 26,  1.00,  0.00,  9.00,  0.00,  0.00,  0.00,  0.00
773, 25,  1.00,  0.00,  8.00,  0.00,  0.00,  0.00,  0.00
774, 25,  1.00,  0.00,  8.00,  0.00,  0.00,  0.00,  0.00
775, 26,  1.00,  0.00,  9.00,  0.00,  0.00,  0.00,  0.00
776, 43,  2.00,  0.00,  9.00,  0.00,  0.00,  0.00,  0.00
777, 25,  1.00,  0.00,  8.00,  0.00,  0.00,  0.00,  0.00
778, 43,  2.00,  0.00,  9.00,  0.00,  0.00,  0.00,  0.00
779, 42,  2.00,  0.00,  8.00,  0.00,  0.00,  0.00,  0.00
780, 42,  2.00,  0.00,  8.00,  0.00,  0.00,  0.00,  0.00
781, 43,  2.00,  0.00,  9.00,  0.00,  0.00,  0.00,  0.00
782, 60,  3.00,  0.00,  9.00,  0.00,  0.00,  0.00,  0.00
783, 42,  2.00,  0.00,  8.00,  0.00,  0.00,  0.00,  0.00
784, 60,  3.00,  0.00,  9.00,  0.00,  0.00,  0.00,  0.00
785, 59,  3.00,  0.00,  8.00,  0.00,  0.00,  0.00,  0.00
786, 59,  3.00,  0.00,  8.00,  0.00,  0.00,  0.00,  0.00
787, 60,  3.00,  0.00,  9.00,  0.00,  0.00,  0.00,  0.00
788, 77,  4.00,  0.00,  9.00,  0.00,  0.00,  0.00,  0.00
789, 59,  3.00,  0.00,  8.00,  0.00,  0.00,  0.00,  0.00
790, 77,  4.00,  0.00,  9.00,  0.00,  0.00,  0.00,  0.00
791, 76,  4.00,  0.00,  8.00,  0.00,  0.00,  0.00,  0.00
792, 76,  4.00,  0.00,  8.00,  0.00,  0.00,  0.00,  0.00
793, 77,  4.00,  0.00,  9.00,  0.00,  0.00,  0.00,  0.00
794, 94,  5.00,  0.00,  9.00,  0.00,  0.00,  0.00,  0.00
795, 76,  4.00,  0.00,  8.00,  0.00,  0.00,  0.00,  0.00
796, 94,  5.00,  0.00,  9.00,  0.00,  0.00,  0.00,  0.00
797, 93,  5.00,  0.00,  8.00,  0.00,  0.00,  0.00,  0.00
798, 93,  5.00,  0.00,  8.00,  0.00,  0.00,  0.00,  0.00
799, 94,  5.00,  0.00,  9.00,  0.00,  0.00,  0.00,  0.00
800, 111,  6.00,  0.00,  9.00,  0.00,  0.00,  0.00,  0.00
801, 93,  5.00,  0.00,  8.00,  0.00,  0.00,  0.00,  0.00
802, 111,  6.00,  0.00,  9.00,  0.00,  0.00,  0.00,  0.00
803, 110,  6.00,  0.00,  8.00,  0.00,  0.00,  0.00,  0.00
804, 110,  6.00,  0.00,  8.00,  0.00,  0.00,  0.00,  0.00
805, 111,  6.00,  0.00,  9.00,  0.00,  0.00,  0.00,  0.00
806, 128,  7.00,  0.00,  9.00,  0.00,  0.00,  0.00,  0.00
807, 110,  6.00,  0.00,  8.00,  0.00,  0.00,  0.00,  0.00
808, 128,  7.00,  0.00,  9.00,  0.00,  0.00,  0.00,  0.00
809, 127,  7.00,  0.00,  8.00,  0.00,  0.00,  0.00,  0.00
810, 127,  7.00,  0.00,  8.00,  0.00,  0.00,  0.00,  0.00
811, 128,  7.00,  0.00,  9.00,  0.00,  0.00,  0.00,  0.00
812, 145,  8.00,  0.00,  9.00,  0.00,  0.00,  0.00,  0.00
813, 127,  7.00,  0.00,  8.00,  0.00,  0.00,  0.00,  0.00
814, 145,  8.00,  0.00,  9.00,  0.00,  0.00,  0.00,  0.00
815, 144,  8.00,  0.00,  8.00,  0.00,  0.00,  0.00,  0.00
816, 144,  8.00,  0.00,  8.00,  0.00,  0.00,  0.00,  0.00
817, 145,  8.00,  0.00,  9.00,  0.00,  0.00,  0.00,  0.00
818, 162,  9.00,  0.00,  9.00,  0.00,  0.00,  0.00,  0.00
819, 144,  8.00,  0.00,  8.00,  0.00,  0.00,  0.00,  0.00
820, 162,  9.00,  0.00,  9.00,  0.00,  0.00,  0.00,  0.00
821, 161,  9.00,  0.00,  8.00,  0.00,  0.00,  0.00,  0.00
822, 161,  9.00,  0.00,  8.00,  0.00,  0.00,  0.00,  0.00
823, 162,  9.00,  0.00,  9.00,  0.00,  0.00,  0.00,  0.00
824, 179,  10.00,  0.00,  9.00,  0.00,  0.00,  0.00,  0.00
825, 161,  9.00,  0.00,  8.00,  0.00,  0.00,  0.00,  0.00
826, 179,  10.00,  0.00,  9.00,  0.00,  0.00,  0.00,  0.00
827, 178,  10.00,  0.00,  8.00,  0.00,  0.00,  0.00,  0.00
828, 178,  10.00,  0.00,  8.00,  0.00,  0.00,  0.00,  0.00
829, 179,  10.00,  0.00,  9.00,  0.00,  0.00,  0.00,  0.00
830, 196,  11.00,  0.00,  9.00,  0.00,  0.00,  0.00,  0.00
831, 178,  10.00,  0.00,  8.00,  0.00,  0.00,  0.00,  0.00
832, 196,  11.00,  0.00,  9.00,  0.00,  0.00,  0.00,  0.00
833, 195,  11.00,  0.00,  8.00,  0.00,  0.00,  0.00,  0.00
834, 195,  11.00,  0.00,  8.00,  0.00,  0.00,  0.00,  0.00
835, 196,  11.00,  0.00,  9.00,  0.00,  0.00,  0.00,  0.00
836, 213,  12.00,  0.00,  9.00,  0.00,  0.00,  0.00,  0.00
837, 195,  11.00,  0.00,  8.00,  0.00,  0.00,  0.00,  0.00
838, 213,  12.00,  0.00,  9.00,  0.00,  0.00,  0.00,  0.00
839, 212,  12.00,  0.00,  8.00,  0.00,  0.00,  0.00,  0.00
840, 212,  12.00,  0.00,  8.00,  0.00,  0.00,  0.00,  0.00
841, 213,  12.00,  0.00,  9.00,  0.00,  0.00,  0.00,  0.00
842, 230,  13.00,  0.00,  9.00,  0.00,  0.00,  0.00,  0.00
843, 212,  12.00,  0.00,  8.00,  0.00,  0.00,  0.00,  0.00
844, 230,  13.00,  0.00,  9.00,  0.00,  0.00,  0.00,  0.00
845, 229,  13.00,  0.00,  8.00,  0.00,  0.00,  0.00,  0.00
846, 229,  13.00,  0.00,  8.00,  0.00,  0.00,  0.00,  0.00
847, 230,  13.00,  0.00,  9.00,  0.00,  0.00,  0.00,  0.00
848, 247,  14.00,  0.00,  9.00,  0.00,  0.00,  0.00,  0.00
849, 229,  13.00,  0.00,  8.00,  0.00,  0.00,  0.00,  0.00
850, 247,  14.00,  0.00,  9.00,  0.00,  0.00,  0.00,  0.00
851, 246,  14.00,  0.00,  8.00,  0.00,  0.00,  0.00,  0.00
852, 246,  14.00,  0.00,  8.00,  0.00,  0.00,  0.00,  0.00
853, 247,  14.00,  0.00,  9.00,  0.00,  0.00,  0.00,  0.00
854, 264,  15.00,  0.00,  9.00,  0.00,  0.00,  0.00,  0.00
855, 246,  14.00,  0.00,  8.00,  0.00,  0.00,  0.00,  0.00
856, 264,  15.00,  0.00,  9.00,  0.00,  0.00,  0.00,  0.00
857, 263,  15.00,  0.00,  8.00,  0.00,  0.00,  0.00,  0.00
858, 263,  15.00,  0.00,  8.00,  0.00,  0.00,  0.00,  0.00
859, 264,  15.00,  0.00,  9.00,  0.00,  0.00,  0.00,  0.00
860, 281,  16.00,  0.00,  9.00,  0.00, -1.00,  2.00,  0.00
861, 263,  15.00,  0.00,  8.00,  0.00,  0.00,  0.00,  0.00
862, 281,  16.00,  0.00,  9.00,  0.00, -1.00,  2.00,  0.00
863, 280,  16.00,  0.00,  8.00,  0.00,  0.00,  2.00,  0.00
864, 9,  0.00,  0.00,  9.00,  0.00,  1.00,  1.00,  0.00
865, 10,  0.00,  0.00,  10.00,  0.00,  0.00,  1.00,  0.00
866, 27,  1.00,  0.00,  10.00,  0.00,  0.00,  0.00,  0.00
867, 9,  0.00,  0.00,  9.00,  0.00,  1.00,  1.00,  0.00
868, 27,  1.00,  0.00,  10.00,  0.00,  0.00,  0.00,  0.00
869, 26,  1.00,  0.00,  9.00,  0.00,  0.00,  0.00,  0.00
870, 26,  1.00,  0.00,  9.00,  0.00,  0.00,  0.00,  0.00
871, 27,  1.00,  0.00,  10.00,  0.00,  0.00,  0.00,  0.00
872, 44,  2.00,  0.00,  10.00,  0.00,  0.00,  0.00,  0.00
873, 26,  1.00,  0.00,  9.00,  0.00,  0.00,  0.00,  0.00
874, 44,  2.00,  0.00,  10.00,  0.00,  0.00,  0.00,  0.00
875, 43,  2.00,  0.00,  9.00,  0.00,  0.00,  0.00,  0.00
876, 43,  2.00,  0.00,  9.00,  0.00,  0.00,  0.00,  0.00
877, 44,  2.00,  0.00,  10.00,  0.00,  0.00,  0.00,  0.00
878, 61,  3.00,  0.00,  10.00,  0.00,  0.00,  0.00,  0.00
879, 43,  2.00,  0.00,  9.00,  0.00,  0.00,  0.00,  0.00
880, 61,  3.00,  0.00,  10.00,  0.00,  0.00,  0.00,  0.00
881, 60,  3.00,  0.00,  9.00,  0.00,  0.00,  0.00,  0.00
882, 60,  3.00,  0.00,  9.00,  0.00,  0.00,  0.00,  0.00
883, 61,  3.00,  0.00,  10.00,  0.00,  0.00,  0.00,  0.00
884, 78,  4.00,  0.00,  10.00,  0.00,  0.00,  0.00,  0.00
885, 60,  3.00,  0.00,  9.00,  0.00,  0.00,  0.00,  0.00
886, 78,  4.00,  0.00,  10.00,  0.00,  0.00,  0.00,  0.00
887, 77,  4.00,  0.00,  9.00,  0.00,  0.00,  0.00,  0.00
888, 77,  4.00,  0.00,  9.00,  0.00,  0.00,  0.00,  0.00
889, 78,  4.00,  0.00,  10.00,  0.00,  0.00,  0.00,  0.00
890, 95,  5.00,  0.00,  10.00,  0.00,  0.00,  0.00,  0.00
891, 77,  4.00,  0.00,  9.00,  0.00,  0.00,  0.00,  0.00
892, 95,  5.00,  0.00,  10.00,  0.00,  0.00,  0.00,  0.00
893, 94,  5.00,  0.00,  9.00,  0.00,  0.00,  0.00,  0.00
894, 94,  5.00,  0.00,  9.00,  0.00,  0.00,  0.00,  0.00
895, 95,  5.00,  0.00,  10.00,  0.00,  0.00,  0.00,  0.00
896, 112,  6.00,  0.00,  10.00,  0.00,  0.00,  0.00,  0.00
897, 94,  5.00,  0.00,  9.00,  0.00,  0.00,  0.00,  0.00
898, 112,  6.00,  0.00,  10.00,  0.00,  0.00,  0.00,  0.00
899, 111,  6.00,  0.00,  9.00,  0.00,  0.00,  0.00,  0.00
900, 111,  6.00,  0.00,  9.00,  0.00,  0.00,  0.00,  0.00
901, 112,  6.00,  0.00,  10.00,  0.00,  0.00,  0.00,  0.00
902, 129,  7.00,  0.00,  10.00,  0.00,  0.00,  0.00,  0.00
903, 111,  6.00,  0.00,  9.00,  0.00,  0.00,  0.00,  0.00
904, 129,  7.00,  0.00,  10.00,  0.00,  0.00,  0.00,  0.00
905, 128,  7.00,  0.00,  9.00,  0.00,  0.00,  0.00,  0.00
906, 128,  7.00,  0.00,  9.00,  0.00,  0.00,  0.00,  0.00
907, 129,  7.00,  0.00,  10.00,  0.00,  0.00,  0.00,  0.00
908, 146,  8.00,  0.00,  10.00,  0.00,  0.00,  0.00,  0.00
909, 128,  7.00,  0.00,  9.00,  0.00,  0.00,  0.00,  0.00
910, 146,  8.00,  0.00,  10.00,  0.00,  0.00,  0.00,  0.00
911, 145,  8.00,  0.00,  9.00,  0.00,  0.00,  0.00,  0.00
912, 145,  8.00,  0.00,  9.00,  0.00,  0.00,  0.00,  0.00
913, 146,  8.00,  0.00,  10.00,  0.00,  0.00,  0.00,  0.00
914, 163,  9.00,  0.00,  10.00,  0.00,  0.00,  0.00,  0.00
915, 145,  8.00,  0.00,  9.00,  0.00,  0.00,  0.00,  0.00
916, 163,  9.00,  0.00,  10.00,  0.00,  0.00,  0.00,  0.00
917, 162,  9.00,  0.00,  9.00,  0.00,  0.00,  0.00,  0.00
918, 162,  9.00,  0.00,  9.00,  0.00,  0.00,  0.00,  0.00
919, 163,  9.00,  0.00,  10.00,  0.00,  0.00,  0.00,  0.00
920, 180,  10.00,  0.00,  10.00,  0.00,  0.00,  0.00,  0.00
921, 162,  9.00,  0.00,  9.00,  0.00,  0.00,  0.00,  0.00
922, 180,  10.00,  0.00,  10.00,  0.00,  0.00,  0.00,  0.00
923, 179,  10.00,  0.00,  9.00,  0.00,  0.00,  0.00,  0.00
924, 179,  10.00,  0.00,  9.00,  0.00,  0.00,  0.00,  0.00
925, 180,  10.00,  0.00,  10.00,  0.00,  0.00,  0.00,  0.00
926, 197,  11.00,  0.00,  10.00,  0.00,  0.00,  0.00,  0.00
927, 179,  10.00,  0.00,  9.00,  0.00,  0.00,  0.00,  0.00
928, 197,  11.00,  0.00,  10.00,  0.00,  0.00,  0.00,  0.00
929, 196,  11.00,  0.00,  9.00,  0.00,  0.00,  0.00,  0.00
930, 196,  11.00,  0.00,  9.00,  0.00,  0.00,  0.00,  0.00
931, 197,  11.00,  0.00,  10.00,  0.00,  0.00,  0.00,  0.00
932, 214,  12.00,  0.00,  10.00,  0.00,  0.00,  0.00,  0.00
933, 196,  11.00,  0.00,  9.00,  0.00,  0.00,  0.00,  0.00
934, 214,  12.00,  0.00,  10.00,  0.00,  0.00,  0.00,  0.00
935, 213,  12.00,  0.00,  9.00,  0.00,  0.00,  0.00,  0.00
936, 213,  12.00,  0.00,  9.00,  0.00,  0.00,  0.00,  0.00
937, 214,  12.00,  0.00,  10.00,  0.00,  0.00,  0.00,  0.00
938, 231,  13.00,  0.00,  10.00,  0.00,  0.00,  0.00,  0.00
939, 213,  12.00,  0.00,  9.00,  0.00,  0.00,  0.00,  0.00
940, 231,  13.00,  0.00,  10.00,  0.00,  0.00,  0.00,  0.00
941, 230,  13.00,  0.00,  9.00,  0.00,  0.00,  0.00,  0.00
942, 230,  13.00,  0.00,  9.00,  0.00,  0.00,  0.00,  0.00
943, 231,  13.00,  0.00,  10.00,  0.00,  0.00,  0.00,  0.00
944, 248,  14.00,  0.00,  10.00,  0.00,  0.00,  0.00,  0.00
945, 230,  13.00,  0.00,  9.00,  0.00,  0.00,  0.00,  0.00
946, 248,  14.00,  0.00,  10.00,  0.00,  0.00,  0.00,  0.00
947, 247,  14.00,  0.00,  9.00,  0.00,  0.00,  0.00,  0.00
948, 247,  14.00,  0.00,  9.00,  0.00,  0.00,  0.00,  0.00
949, 248,  14.00,  0.00,  10.00,  0.00,  0.00,  0.00,  0.00
950, 265,  15.00,  0.00,  10.00,  0.00,  0.00,  0.00,  0.00
951, 247,  14.00,  0.00,  9.00,  0.00,  0.00,  0.00,  0.00
952, 265,  15.00,  0.00,  10.00,  0.00,  0.00,  0.00,  0.00
953, 264,  15.00,  0.00,  9.00,  0.00,  0.00,  0.00,  0.00
954, 264,  15.00,  0.00,  9.00,  0.00,  0.00,  0.00,  0.00
955, 265,  15.00,  0.00,  10.00,  0.00,  0.00,  0.00,  0.00
956, 282,  16.00,  0.00,  10.00,  0.00,  0.00,  2.00,  0.00
957, 264,  15.00,  0.00,  9.00,  0.00,  0.00,  0.00,  0.00
958, 282,  16.00,  0.00,  10.00,  0.00,  0.00,  2.00,  0.00
959, 281,  16.00,  0.00,  9.00,  0.00, -1.00,  2.00,  0.00
960, 10,  0.00,  0.00,  10.00,  0.00,  0.00,  1.00,  0.00
961, 11,  0.00,  0.00,  11.00,  0.00,  1.00,  1.00,  0.00
962, 28,  1.00,  0.00,  11.00,  0.00,  0.00,  0.00,  0.00
963, 10,  0.00,  0.00,  10.00,  0.00,  0.00,  1.00,  0.00
964, 28,  1.00,  0.00,  11.00,  0.00,  0.00,  0.00,  0.00
965, 27,  1.00,  0.00,  10.00,  0.00,  0.00,  0.00,  0.00
966, 27,  1.00,  0.00,  10.00,  0.00,  0.00,  0.00,  0.00
967, 28,  1.00,  0.00,  11.00,  0.00,  0.00,  0.00,  0.00
968, 45,  2.00,  0.00,  11.00,  0.00,  0.00,  0.00,  0.00
969, 27,  1.00,  0.00,  10.00,  0.00,  0.00,  0.00,  0.00
970, 45,  2.00,  0.00,  11.00,  0.00,  0.00,  0.00,  0.00
971, 44,  2.00,  0.00,  10.00,  0.00,  0.00,  0.00,  0.00
972, 44,  2.00,  0.00,  10.00,  0.00,  0.00,  0.00,  0.00
973, 45,  2.00,  0.00,  11.00,  0.00,  0.00,  0.00,  0.00
974, 62,  3.00,  0.00,  11.00,  0.00,  0.00,  0.00,  0.00
975, 44,  2.00,  0.00,  10.00,  0.00,  0.00,  0.00,  0.00
976, 62,  3.00,  0.00,  11.00,  0.00,  0.00,  0.00,  0.00
977, 61,  3.00,  0.00,  10.00,  0.00,  0.00,  0.00,  0.00
978, 61,  3.00,  0.00,  10.00,  0.00,  0.00,  0.00,  0.00
979, 62,  3.00,  0.00,  11.00,  0.00,  0.00,  0.00,  0.00
980, 79,  4.00,  0.00,  11.00,  0.00,  0.00,  0.00,  0.00
981, 61,  3.00,  0.00,  10.00,  0.00,  0.00,  0.00,  0.00
982, 79,  4.00,  0.00,  11.00,  0.00,  0.00,  0.00,  0.00
983, 78,  4.00,  0.00,  10.00,  0.00,  0.00,  0.00,  0.00
984, 78,  4.00,  0.00,  10.00,  0.00,  0.00,  0.00,  0.00
985, 79,  4.00,  0.00,  11.00,  0.00,  0.00,  0.00,  0.00
986, 96,  5.00,  0.00,  11.00,  0.00,  0.00,  0.00,  0.00
987, 78,  4.00,  0.00,  10.00,  0.00,  0.00,  0.00,  0.00
988, 96,  5.00,  0.00,  11.00,  0.00,  0.00,  0.00,  0.00
989, 95,  5.00,  0.00,  10.00,  0.00,  0.00,  0.00,  0.00
990, 95,  5.00,  0.00,  10.00,  0.00,  0.00,  0.00,  0.00
991, 96,  5.00,  0.00,  11.00,  0.00,  0.00,  0.00,  0.00
992, 113,  6.00,  0.00,  11.00,  0.00,  0.00,  0.00,  0.00
993, 95,  5.00,  0.00,  10.00,  0.00,  0.00,  0.00,  0.00
994, 113,  6.00,  0.00,  11.00,  0.00,  0.00,  0.00,  0.00
995, 112,  6.00,  0.00,  10.00,  0.00,  0.00,  0.00,  0.00
996, 112,  6.00,  0.00,  10.00,  0.00,  0.00,  0.00,  0.00
997, 113,  6.00,  0.00,  11.00,  0.00,  0.00,  0.00,  0.00
998, 130,  7.00,  0.00,  11.00,  0.00,  0.00,  0.00,  0.00
999, 112,  6.00,  0.00,  10.00,  0.00,  0.00,  0.00,  0.00
1000, 130,  7.00,  0.00,  11.00,  0.00,  0.00,  0.00,  0.00
1001, 129,  7.00,  0.00,  10.00,  0.00,  0.00,  0.00,  0.00
1002, 129,  7.00,  0.00,  10.00,  0.00,  0.00,  0.00,  0.00
1003, 130,  7.00,  0.00,  11.00,  0.00,  0.00,  0.00,  0.00
1004, 147,  8.00,  0.00,  11.00,  0.00,  0.00,  0.00,  0.00
1005, 129,  7.00,  0.00,  10.00,  0.00,  0.00,  0.00,  0.00
1006, 147,  8.00,  0.00,  11.00,  0.00,  0.00,  0.00,  0.00
1007, 146,  8.00,  0.00,  10.00,  0.00,  0.00,  0.00,  0.00
1008, 146,  8.00,  0.00,  10.00,  0.00,  0.00,  0.00,  0.00
1009, 147,  8.00,  0.00,  11.00,  0.00,  0.00,  0.00,  0.00
1010, 164,  9.00,  0.00,  11.00,  0.00,  0.00,  0.00,  0.00
1011, 146,  8.00,  0.00,  10.00,  0.00,  0.00,  0.00,  0.00
1012, 164,  9.00,  0.00,  11.00,  0.00,  0.00,  0.00,  0.00
1013, 163,  9.00,  0.00,  10.00,  0.00,  0.00,  0.00,  0.00
1014, 163,  9.00,  0.00,  10.00,  0.00,  0.00,  0.00,  0.00
1015, 164,  9.00,  0.00,  11.00,  0.00,  0.00,  0.00,  0.00
1016, 181,  10.00,  0.00,  11.00,  0.00,  0.00,  0.00,  0.00
1017, 163,  9.00,  0.00,  10.00,  0.00,  0.00,  0.00,  0.00
1018, 181,  10.00,  0.00,  11.00,  0.00,  0.00,  0.00,  0.00
1019, 180,  10.00,  0.00,  10.00,  0.00,  0.00,  0.00,  0.00
1020, 180,  10.00,  0.00,  10.00,  0.00,  0.00,  0.00,  0.00
1021, 181,  10.00,  0.00,  11.00,  0.00,  0.00,  0.00,  0.00
1022, 198,  11.00,  0.00,  11.00,  0.00,  0.00,  0.00,  0.00
1023, 180,  10.00,  0.00,  10.00,  0.00,  0.00,  0.00,  0.00
1024, 198,  11.00,  0.00,  11.00,  0.00,  0.00,  0.00,  0.00
1025, 197,  11.00,  0.00,  10.00,  0.00,  0.00,  0.00,  0.00
1026, 197,  11.00,  0.00,  10.00,  0.00,  0.00,  0.00,  0.00
1027, 198,  11.00,  0.00,  11.00,  0.00,  0.00,  0.00,  0.00
1028, 215,  12.00,  0.00,  11.00,  0.00,  0.00,  0.00,  0.00
1029, 197,  11.00,  0.00,  10.00,  0.00,  0.00,  0.00,  0.00
1030, 215,  12.00,  0.00,  11.00,  0.00,  0.00,  0.00,  0.00
1031, 214,  12.00,  0.00,  10.00,  0.00,  0.00,  0.00,  0.00
1032, 214,  12.00,  0.00,  10.00,  0.00,  0.00,  0.00,  0.00
1033, 215,  12.00,  0.00,  11.00,  0.00,  0.00,  0.00,  0.00
1034, 232,  13.00,  0.00,  11.00,  0.00,  0.00,  0.00,  0.00
1035, 214,  12.00,  0.00,  10.00,  0.00,  0.00,  0.00,  0.00
1036, 232,  13.00,  0.00,  11.00,  0.00,  0.00,  0.00,  0.00
1037, 231,  13.00,  0.00,  10.00,  0.00,  0.00,  0.00,  0.00
1038, 231,  13.00,  0.00,  10.00,  0.00,  0.00,  0.00,  0.00
1039, 232,  13.00,  0.00,  11.00,  0.00,  0.00,  0.00,  0.00
1040, 249,  14.00,  0.00,  11.00,  0.00,  0.00,  0.00,  0.00
1041, 231,  13.00,  0.00,  10.00,  0.00,  0.00,  0.00,  0.00
1042, 249,  14.00,  0.00,  11.00,  0.00,  0.00,  0.00,  0.00
1043, 248,  14.00,  0.00,  10.00,  0.00,  0.00,  0.00,  0.00
1044, 248,  14.00,  0.00,  10.00,  0.00,  0.00,  0.00,  0.00
1045, 249,  14.00,  0.00,  11.00,  0.00,  0.00,  0.00,  0.00
1046, 266,  15.00,  0.00,  11.00,  0.00,  0.00,  0.00,  0.00
1047, 248,  14.00,  0.00,  10.00,  0.00,  0.00,  0.00,  0.00
1048, 266,  15.00,  0.00,  11.00,  0.00,  0.00,  0.00,  0.00
1049, 265,  15.00,  0.00,  10.00,  0.00,  0.00,  0.00,  0.00
1050, 265,  15.00,  0.00,  10.00,  0.00,  0.00,  0.00,  0.00
1051, 266,  15.00,  0.00,  11.00,  0.00,  0.00,  0.00,  0.00
1052, 283,  16.00,  0.00,  11.00,  0.00, -1.00,  2.00,  0.00
1053, 265,  15.00,  0.00,  10.00,  0.00,  0.00,  0.00,  0.00
1054, 283,  16.00,  0.00,  11.00,  0.00, -1.00,  2.00,  0.00
1055, 282,  16.00,  0.00,  10.00,  0.00,  0.00,  2.00,  0.00
1056, 11,  0.00,  0.00,  11.00,  0.00,  1.00,  1.00,  0.00
1057, 12,  0.00,  0.00,  12.00,  0.00,  0.00,  1.00,  0.00
1058, 29,  1.00,  0.00,  12.00,  0.00,  0.00,  0.00,  0.00
1059, 11,  0.00,  0.00,  11.00,  0.00,  1.00,  1.00,  0.00
1060, 29,  1.00,  0.00,  12.00,  0.00,  0.00,  0.00,  0.00
1061, 28,  1.00,  0.00,  11.00,  0.00,  0.00,  0.00,  0.00
1062, 28,  1.00,  0.00,  11.00,  0.00,  0.00,  0.00,  0.00
1063, 29,  1.00,  0.00,  12.00,  0.00,  0.00,  0.00,  0.00
1064, 46,  2.00,  0.00,  12.00,  0.00,  0.00,  0.00,  0.00
1065, 28,  1.00,  0.00,  11.00,  0.00,  0.00,  0.00,  0.00
1066, 46,  2.00,  0.00,  12.00,  0.00,  0.00,  0.00,  0.00
1067, 45,  2.00,  0.00,  11.00,  0.00,  0.00,  0.00,  0.00
1068, 45,  2.00,  0.00,  11.00,  0.00,  0.00,  0.00,  0.00
1069, 46,  2.00,  0.00,  12.00,  0.00,  0.00,  0.00,  0.00
1070, 63,  3.00,  0.00,  12.00,  0.00,  0.00,  0.00,  0.00
1071, 45,  2.00,  0.00,  11.00,  0.00,  0.00,  0.00,  0.00
1072, 63,  3.00,  0.00,  12.00,  0.00,  0.00,  0.00,  0.00
1073, 62,  3.00,  0.00,  11.00,  0.00,  0.00,  0.00,  0.00
1074, 62,  3.00,  0.00,  11.00,  0.00,  0.00,  0.00,  0.00
1075, 63,  3.00,  0.00,  12.00,  0.00,  0.00,  0.00,  0.00
1076, 80,  4.00,  0.00,  12.00,  0.00,  0.00,  0.00,  0.00
1077, 62,  3.00,  0.00,  11.00,  0.00,  0.00,  0.00,  0.00
1078, 80,  4.00,  0.00,  12.00,  0.00,  0.00,  0.00,  0.00
1079, 79,  4.00,  0.00,  11.00,  0.00,  0.00,  0.00,  0.00
1080, 79,  4.00,  0.00,  11.00,  0.00,  0.00,  0.00,  0.00
1081, 80,  4.00,  0.00,  12.00,  0.00,  0.00,  0.00,  0.00
1082, 97,  5.00,  0.00,  12.00,  0.00,  0.00,  0.00,  0.00
1083, 79,  4.00,  0.00,  11.00,  0.00,  0.00,  0.00,  0.00
1084, 97,  5.00,  0.00,  12.00,  0.00,  0.00,  0.00,  0.00
1085, 96,  5.00,  0.00,  11.00,  0.00,  0.00,  0.00,  0.00
1086, 96,  5.00,  0.00,  11.00,  0.00,  0.00,  0.00,  0.00
1087, 97,  5.00,  0.00,  12.00,  0.00,  0.00,  0.00,  0.00
1088, 114,  6.00,  0.00,  12.00,  0.00,  0.00,  0.00,  0.00
1089, 96,  5.00,  0.00,  11.00,  0.00,  0.00,  0.00,  0.00
1090, 114,  6.00,  0.00,  12.00,  0.00,  0.00,  0.00,  0.00
1091, 113,  6.00,  0.00,  11.00,  0.00,  0.00,  0.00,  0.00
1092, 113,  6.00,  0.00,  11.00,  0.00,  0.00,  0.00,  0.00
1093, 114,  6.00,  0.00,  12.00,  0.00,  0.00,  0.00,  0.00
1094, 131,  7.00,  0.00,  12.00,  0.00,  0.00,  0.00,  0.00
1095, 113,  6.00,  0.00,  11.00,  0.00,  0.00,  0.00,  0.00
1096, 131,  7.00,  0.00,  12.00,  0.00,  0.00,  0.00,  0.00
1097, 130,  7.00,  0.00,  11.00,  0.00,  0.00,  0.00,  0.00
1098, 130,  7.00,  0.00,  11.00,  0.00,  0.00,  0.00,  0.00
1099, 131,  7.00,  0.00,  12.00,  0.00,  0.00,  0.00,  0.00
1100, 148,  8.00,  0.00,  12.00,  0.00,  0.00,  0.00,  0.00
1101, 130,  7.00,  0.00,  11.00,  0.00,  0.00,  0.00,  0.00
1102, 148,  8.00,  0.00,  12.00,  0.00,  0.00,  0.00,  0.00
1103, 147,  8.00,  0.00,  11.00,  0.00,  0.00,  0.00,  0.00
1104, 147,  8.00,  0.00,  11.00,  0.00,  0.00,  0.00,  0.00
1105, 148,  8.00,  0.00,  12.00,  0.00,  0.00,  0.00,  0.00
1106, 165,  9.00,  0.00,  12.00,  0.00,  0.00,  0.00,  0.00
1107, 147,  8.00,  0.00,  11.00,  0.00,  0.00,  0.00,  0.00
1108, 165,  9.00,  0.00,  12.00,  0.00,  0.00,  0.00,  0.00
1109, 164,  9.00,  0.00,  11.00,  0.00,  0.00,  0.00,  0.00
1110, 164,  9.00,  0.00,  11.00,  0.00,  0.00,  0.00,  0.00
1111, 165,  9.00,  0.00,  12.00,  0.00,  0.00,  0.00,  0.00
1112, 182,  10.00,  0.00,  12.00,  0.00,  0.00,  0.00,  0.00
1113, 164,  9.00,  0.00,  11.00,  0.00,  0.00,  0.00,  0.00
1114, 182,  10.00,  0.00,  12.00,  0.00,  0.00,  0.00,  0.00
1115, 181,  10.00,  0.00,  11.00,  0.00,  0.00,  0.00,  0.00
1116, 181,  10.00,  0.00,  11.00,  0.00,  0.00,  0.00,  0.00
1117, 182,  10.00,  0.00,  12.00,  0.00,  0.00,  0.00,  0.00
1118, 199,  11.00,  0.00,  12.00,  0.00,  0.00,  0.00,  0.00
1119, 181,  10.00,  0.00,  11.00,  0.00,  0.00,  0.00,  0.00
1120, 199,  11.00,  0.00,  12.00,  0.00,  0.00,  0.00,  0.00
1121, 198,  11.00,  0.00,  11.00,  0.00,  0.00,  0.00,  0.00
1122, 198,  11.00,  0.00,  11.00,  0.00,  0.00,  0.00,  0.00
1123, 199,  11.00,  0.00,  12.00,  0.00,  0.00,  0.00,  0.00
1124, 216,  12.00,  0.00,  12.00,  0.00,  0.00,  0.00,  0.00
1125, 198,  11.00,  0.00,  11.00,  0.00,  0.00,  0.00,  0.00
1126, 216,  12.00,  0.00,  12.00,  0.00,  0.00,  0.00,  0.00
1127, 215,  12.00,  0.00,  11.00,  0.00,  0.00,  0.00,  0.00
1128, 215,  12.00,  0.00,  11.00,  0.00,  0.00,  0.00,  0.00
1129, 216,  12.00,  0.00,  12.00,  0.00,  0.00,  0.00,  0.00
1130, 233,  13.00,  0.00,  12.00,  0.00,  0.00,  0.00,  0.00
1131, 215,  12.00,  0.00,  11.00,  0.00,  0.00,  0.00,  0.00
1132, 233,  13.00,  0.00,  12.00,  0.00,  0.00,  0.00,  0.00
1133, 232,  13.00,  0.00,  11.00,  0.00,  0.00,  0.00,  0.00
1134, 232,  13.00,  0.00,  11.00,  0.00,  0.00,  0.00,  0.00
1135, 233,  13.00,  0.00,  12.00,  0.00,  0.00,  0.00,  0.00
1136, 250,  14.00,  0.00,  12.00,  0.00,  0.00,  0.00,  0.00
1137, 232,  13.00,  0.00,  11.00,  0.00,  0.00,  0.00,  0.00
1138, 250,  14.00,  0.00,  12.00,  0.00,  0.00,  0.00,  0.00
1139, 249,  14.00,  0.00,  11.00,  0.00,  0.00,  0.00,  0.00
1140, 249,  14.00,  0.00,  11.00,  0.00,  0.00,  0.00,  0.00
1141, 250,  14.00,  0.00,  12.00,  0.00,  0.00,  0.00,  0.00
1142, 267,  15.00,  0.00,  12.00,  0.00,  0.00,  0.00,  0.00
1143, 249,  14.00,  0.00,  11.00,  0.00,  0.00,  0.00,  0.00
1144, 267,  15.00,  0.00,  12.00,  0.00,  0.00,  0.00,  0.00
1145, 266,  15.00,  0.00,  11.00,  0.00,  0.00,  0.00,  0.00
1146, 266,  15.00,  0.00,  11.00,  0.00,  0.00,  0.00,  0.00
1147, 267,  15.00,  0.00,  12.00,  0.00,  0.00,  0.00,  0.00
1148, 284,  16.00,  0.00,  12.00,  0.00,  0.00,  2.00,  0.00
1149, 266,  15.00,  0.00,  11.00,  0.00,  0.00,  0.00,  0.00
1150, 284,  16.00,  0.00,  12.00,  0.00,  0.00,  2.00,  0.00
1151, 283,  16.00,  0.00,  11.00,  0.00, -1.00,  2.00,  0.00
1152, 12,  0.00,  0.00,  12.00,  0.00,  0.00,  1.00,  0.00
1153, 13,  0.00,  0.00,  13.00,  0.00,  1.00,  1.00,  0.00
1154, 30,  1.00,  0.00,  13.00,  0.00,  0.00,  0.00,  0.00
1155, 12,  0.00,  0.00,  12.00,  0.00,  0.00,  1.00,  0.00
1156, 30,  1.00,  0.00,  13.00,  0.00,  0.00,  0.00,  0.00
1157, 29,  1.00,  0.00,  12.00,  0.00,  0.00,  0.00,  0.00
1158, 29,  1.00,  0.00,  12.00,  0.00,  0.00,  0.00,  0.00
1159, 30,  1.00,  0.00,  13.00,  0.00,  0.00,  0.00,  0.00
1160, 47,  2.00,  0.00,  13.00,  0.00,  0.00,  0.00,  0.00
1161, 29,  1.00,  0.00,  12.00,  0.00,  0.00,  0.00,  0.00
1162, 47,  2.00,  0.00,  13.00,  0.00,  0.00,  0.00,  0.00
1163, 46,  2.00,  0.00,  12.00,  0.00,  0.00,  0.00,  0.00
1164, 46,  2.00,  0.00,  12.00,  0.00,  0.00,  0.00,  0.00
1165, 47,  2.00,  0.00,  13.00,  0.00,  0.00,  0.00,  0.00
1166, 64,  3.00,  0.00,  13.00,  0.00,  0.00,  0.00,  0.00
1167, 46,  2.00,  0.00,  12.00,  0.00,  0.00,  0.00,  0.00
1168, 64,  3.00,  0.00,  13.00,  0.00,  0.00,  0.00,  0.00
1169, 63,  3.00,  0.00,  12.00,  0.00,  0.00,  0.00,  0.00
1170, 63,  3.00,  0.00,  12.00,  0.00,  0.00,  0.00,  0.00
1171, 64,  3.00,  0.00,  13.00,  0.00,  0.00,  0.00,  0.00
1172, 81,  4.00,  0.00,  13.00,  0.00,  0.00,  0.00,  0.00
1173, 63,  3.00,  0.00,  12.00,  0.00,  0.00,  0.00,  0.00
1174, 81,  4.00,  0.00,  13.00,  0.00,  0.00,  0.00,  0.00
1175, 80,  4.00,  0.00,  12.00,  0.00,  0.00,  0.00,  0.00
1176, 80,  4.00,  0.00,  12.00,  0.00,  0.00,  0.00,  0.00
1177, 81,  4.00,  0.00,  13.00,  0.00,  0.00,  0.00,  0.00
1178, 98,  5.00,  0.00,  13.00,  0.00,  0.00,  0.00,  0.00
1179, 80,  4.00,  0.00,  12.00,  0.00,  0.00,  0.00,  0.00
1180, 98,  5.00,  0.00,  13.00,  0.00,  0.00,  0.00,  0.00
1181, 97,  5.00,  0.00,  12.00,  0.00,  0.00,  0.00,  0.00
1182, 97,  5.00,  0.00,  12.00,  0.00,  0.00,  0.00,  0.00
1183, 98,  5.00,  0.00,  13.00,  0.00,  0.00,  0.00,  0.00
1184, 115,  6.00,  0.00,  13.00,  0.00,  0.00,  0.00,  0.00
1185, 97,  5.00,  0.00,  12.00,  0.00,  0.00,  0.00,  0.00
1186, 115,  6.00,  0.00,  13.00,  0.00,  0.00,  0.00,  0.00
1187, 114,  6.00,  0.00,  12.00,  0.00,  0.00,  0.00,  0.00
1188, 114,  6.00,  0.00,  12.00,  0.00,  0.00,  0.00,  0.00
1189, 115,  6.00,  0.00,  13.00,  0.00,  0.00,  0.00,  0.00
1190, 132,  7.00,  0.00,  13.00,  0.00,  0.00,  0.00,  0.00
1191, 114,  6.00,  0.00,  12.00,  0.00,  0.00,  0.00,  0.00
1192, 132,  7.00,  0.00,  13.00,  0.00,  0.00,  0.00,  0.00
1193, 131,  7.00,  0.00,  12.00,  0.00,  0.00,  0.00,  0.00
1194, 131,  7.00,  0.00,  12.00,  0.00,  0.00,  0.00,  0.00
1195, 132,  7.00,  0.00,  13.00,  0.00,  0.00,  0.00,  0.00
1196, 149,  8.00,  0.00,  13.00,  0.00,  0.00,  0.00,  0.00
1197, 131,  7.00,  0.00,  12.00,  0.00,  0.00,  0.00,  0.00
1198, 149,  8.00,  0.00,  13.00,  0.00,  0.00,  0.00,  0.00
1199, 148,  8.00,  0.00,  12.00,  0.00,  0.00,  0.00,  0.00
1200, 148,  8.00,  0.00,  12.00,  0.00,  0.00,  0.00,  0.00
1201, 149,  8.00,  0.00,  13.00,  0.00,  0.00,  0.00,  0.00
1202, 166,  9.00,  0.00,  13.00,  0.00,  0.00,  0.00,  0.00
1203, 148,  8.00,  0.00,  12.00,  0.00,  0.00,  0.00,  0.00
1204, 166,  9.00,  0.00,  13.00,  0.00,  0.00,  0.00,  0.00
1205, 165,  9.00,  0.00,  12.00,  0.00,  0.00,  0.00,  0.00
1206, 165,  9.00,  0.00,  12.00,  0.00,  0.00,  0.00,  0.00
1207, 166,  9.00,  0.00,  13.00,  0.00,  0.00,  0.00,  0.00
1208, 183,  10.00,  0.00,  13.00,  0.00,  0.00,  0.00,  0.00
1209, 165,  9.00,  0.00,  12.00,  0.00,  0.00,  0.00,  0.00
1210, 183,  10.00,  0.00,  13.00,  0.00,  0.00,  0.00,  0.00
1211, 182,  10.00,  0.00,  12.00,  0.00,  0.00,  0.00,  0.00
1212, 182,  10.00,  0.00,  12.00,  0.00,  0.00,  0.00,  0.00
1213, 183,  10.00,  0.00,  13.00,  0.00,  0.00,  0.00,  0.00
1214, 200,  11.00,  0.00,  13.00,  0.00,  0.00,  0.00,  0.00
1215, 182,  10.00,  0.00,  12.00,  0.00,  0.00,  0.00,  0.00
1216, 200,  11.00,  0.00,  13.00,  0.00,  0.00,  0.00,  0.00
1217, 199,  11.00,  0.00,  12.00,  0.00,  0.00,  0.00,  0.00
1218, 199,  11.00,  0.00,  12.00,  0.00,  0.00,  0.00,  0.00
1219, 200,  11.00,  0.00,  13.00,  0.00,  0.00,  0.00,  0.00
1220, 217,  12.00,  0.00,  13.00,  0.00,  0.00,  0.00,  0.00
1221, 199,  11.00,  0.00,  12.00,  0.00,  0.00,  0.00,  0.00
1222, 217,  12.00,  0.00,  13.00,  0.00,  0.00,  0.00,  0.00
1223, 216,  12.00,  0.00,  12.00,  0.00,  0.00,  0.00,  0.00
1224, 216,  12.00,  0.00,  12.00,  0.00,  0.00,  0.00,  0.00
1225, 217,  12.00,  0.00,  13.00,  0.00,  0.00,  0.00,  0.00
1226, 234,  13.00,  0.00,  13.00,  0.00,  0.00,  0.00,  0.00
1227, 216,  12.00,  0.00,  12.00,  0.00,  0.00,  0.00,  0.00
1228, 234,  13.00,  0.00,  13.00,  0.00,  0.00,  0.00,  0.00
1229, 233,  13.00,  0.00,  12.00,  0.00,  0.00,  0.00,  0.00
1230, 233,  13.00,  0.00,  12.00,  0.00,  0.00,  0.00,  0.00
1231, 234,  13.00,  0.00,  13.00,  0.00,  0.00,  0.00,  0.00
1232, 251,  14.00,  0.00,  13.00,  0.00,  0.00,  0.00,  0.00
1233, 233,  13.00,  0.00,  12.00,  0.00,  0.00,  0.00,  0.00
1234, 251,  14.00,  0.00,  13.00,  0.00,  0.00,  0.00,  0.00
1235, 250,  14.00,  0.00,  12.00,  0.00,  0.00,  0.00,  0.00
1236, 250,  14.00,  0.00,  12.00,  0.00,  0.00,  0.00,  0.00
1237, 251,  14.00,  0.00,  13.00,  0.00,  0.00,  0.00,  0.00
1238, 268,  15.00,  0.00,  13.00,  0.00,  0.00,  0.00,  0.00
1239, 250,  14.00,  0.00,  12.00,  0.00,  0.00,  0.00,  0.00
1240, 268,  15.00,  0.00,  13.00,  0.00,  0.00,  0.00,  0.00
1241, 267,  15.00,  0.00,  12.00,  0.00,  0.00,  0.00,  0.00
1242, 267,  15.00,  0.00,  12.00,  0.00,  0.00,  0.00,  0.00
1243, 268,  15.00,  0.00,  13.00,  0.00,  0.00,  0.00,  0.00
1244, 285,  16.00,  0.00,  13.00,  0.00, -1.00,  2.00,  0.00
1245, 267,  15.00,  0.00,  12.00,  0.00,  0.00,  0.00,  0.00
1246, 285,  16.00,  0.00,  13.00,  0.00, -1.00,  2.00,  0.00
1247, 284,  16.00,  0.00,  12.00,  0.00,  0.00,  2.00,  0.00
1248, 13,  0.00,  0.00,  13.00,  0.00,  1.00,  1.00,  0.00
1249, 14,  0.00,  0.00,  14.00,  0.00,  0.00,  1.00,  0.00
1250, 31,  1.00,  0.00,  14.00,  0.00,  0.00,  0.00,  0.00
1251, 13,  0.00,  0.00,  13.00,  0.00,  1.00,  1.00,  0.00
1252, 31,  1.00,  0.00,  14.00,  0.00,  0.00,  0.00,  0.00
1253, 30,  1.00,  0.00,  13.00,  0.00,  0.00,  0.00,  0.00
1254, 30,  1.00,  0.00,  13.00,  0.00,  0.00,  0.00,  0.00
1255, 31,  1.00,  0.00,  14.00,  0.00,  0.00,  0.00,  0.00
1256, 48,  2.00,  0.00,  14.00,  0.00,  0.00,  0.00,  0.00
1257, 30,  1.00,  0.00,  13.00,  0.00,  0.00,  0.00,  0.00
1258, 48,  2.00,  0.00,  14.00,  0.00,  0.00,  0.00,  0.00
1259, 47,  2.00,  0.00,  13.00,  0.00,  0.00,  0.00,  0.00
1260, 47,  2.00,  0.00,  13.00,  0.00,  0.00,  0.00,  0.00
1261, 48,  2.00,  0.00,  14.00,  0.00,  0.00,  0.00,  0.00
1262, 65,  3.00,  0.00,  14.00,  0.00,  0.00,  0.00,  0.00
1263, 47,  2.00,  0.00,  13.00,  0.00,  0.00,  0.00,  0.00
1264, 65,  3.00,  0.00,  14.00,  0.00,  0.00,  0.00,  0.00
1265, 64,  3.00,  0.00,  13.00,  0.00,  0.00,  0.00,  0.00
1266, 64,  3.00,  0.00,  13.00,  0.00,  0.00,  0.00,  0.00
1267, 65,  3.00,  0.00,  14.00,  0.00,  0.00,  0.00,  0.00
1268, 82,  4.00,  0.00,  14.00,  0.00,  0.00,  0.00,  0.00
1269, 64,  3.00,  0.00,  13.00,  0.00,  0.00,  0.00,  0.00
1270, 82,  4.00,  0.00,  14.00,  0.00,  0.00,  0.00,  0.00
1271, 81,  4.00,  0.00,  13.00,  0.00,  0.00,  0.00,  0.00
1272, 81,  4.00,  0.00,  13.00,  0.00,  0.00,  0.00,  0.00
1273, 82,  4.00,  0.00,  14.00,  0.00,  0.00,  0.00,  0.00
1274, 99,  5.00,  0.00,  14.00,  0.00,  0.00,  0.00,  0.00
1275, 81,  4.00,  0.00,  13.00,  0.00,  0.00,  0.00,  0.00
1276, 99,  5.00,  0.00,  14.00,  0.00,  0.00,  0.00,  0.00
1277, 98,  5.00,  0.00,  13.00,  0.00,  0.00,  0.00,  0.00
1278, 98,  5.00,  0.00,  13.00,  0.00,  0.00,  0.00,  0.00
1279, 99,  5.00,  0.00,  14.00,  0.00,  0.00,  0.00,  0.00
1280, 116,  6.00,  0.00,  14.00,  0.00,  0.00,  0.00,  0.00
1281, 98,  5.00,  0.00,  13.00,  0.00,  0.00,  0.00,  0.00
1282, 116,  6.00,  0.00,  14.00,  0.00,  0.00,  0.00,  0.00
1283, 115,  6.00,  0.00,  13.00,  0.00,  0.00,  0.00,  0.00
1284, 115,  6.00,  0.00,  13.00,  0.00,  0.00,  0.00,  0.00
1285, 116,  6.00,  0.00,  14.00,  0.00,  0.00,  0.00,  0.00
1286, 133,  7.00,  0.00,  14.00,  0.00,  0.00,  0.00,  0.00
1287, 115,  6.00,  0.00,  13.00,  0.00,  0.00,  0.00,  0.00
1288, 133,  7.00,  0.00,  14.00,  0.00,  0.00,  0.00,  0.00
1289, 132,  7.00,  0.00,  13.00,  0.00,  0.00,  0.00,  0.00
1290, 132,  7.00,  0.00,  13.00,  0.00,  0.00,  0.00,  0.00
1291, 133,  7.00,  0.00,  14.00,  0.00,  0.00,  0.00,  0.00
1292, 150,  8.00,  0.00,  14.00,  0.00,  0.00,  0.00,  0.00
1293, 132,  7.00,  0.00,  13.00,  0.00,  0.00,  0.00,  0.00
1294, 150,  8.00,  0.00,  14.00,  0.00,  0.00,  0.00,  0.00
1295, 149,  8.00,  0.00,  13.00,  0.00,  0.00,  0.00,  0.00
1296, 149,  8.00,  0.00,  13.00,  0.00,  0.00,  0.00,  0.00
1297, 150,  8.00,  0.00,  14.00,  0.00,  0.00,  0.00,  0.00
1298, 167,  9.00,  0.00,  14.00,  0.00,  0.00,  0.00,  0.00
1299, 149,  8.00,  0.00,  13.00,  0.00,  0.00,  0.00,  0.00
1300, 167,  9.00,  0.00,  14.00,  0.00,  0.00,  0.00,  0.00
1301, 166,  9.00,  0.00,  13.00,  0.00,  0.00,  0.00,  0.00
1302, 166,  9.00,  0.00,  13.00,  0.00,  0.00,  0.00,  0.00
1303, 167,  9.00,  0.00,  14.00,  0.00,  0.00,  0.00,  0.00
1304, 184,  10.00,  0.00,  14.00,  0.00,  0.00,  0.00,  0.00
1305, 166,  9.00,  0.00,  13.00,  0.00,  0.00,  0.00,  0.00
1306, 184,  10.00,  0.00,  14.00,  0.00,  0.00,  0.00,  0.00
1307, 183,  10.00,  0.00,  13.00,  0.00,  0.00,  0.00,  0.00
1308, 183,  10.00,  0.00,  13.00,  0.00,  0.00,  0.00,  0.00
1309, 184,  10.00,  0.00,  14.00,  0.00,  0.00,  0.00,  0.00
1310, 201,  11.00,  0.00,  14.00,  0.00,  0.00,  0.00,  0.00
1311, 183,  10.00,  0.00,  13.00,  0.00,  0.00,  0.00,  0.00
1312, 201,  11.00,  0.00,  14.00,  0.00,  0.00,  0.00,  0.00
1313, 200,  11.00,  0.00,  13.00,  0.00,  0.00,  0.00,  0.00
1314, 200,  11.00,  0.00,  13.00,  0.00,  0.00,  0.00,  0.00
1315, 201,  11.00,  0.00,  14.00,  0.00,  0.00,  0.00,  0.00
1316, 218,  12.00,  0.00,  14.00,  0.00,  0.00,  0.00,  0.00
1317, 200,  11.00,  0.00,  13.00,  0.00,  0.00,  0.00,  0.00
1318, 218,  12.00,  0.00,  14.00,  0.00,  0.00,  0.00,  0.00
1319, 217,  12.00,  0.00,  13.00,  0.00,  0.00,  0.00,  0.00
1320, 217,  12.00,  0.00,  13.00,  0.00,  0.00,  0.00,  0.00
1321, 218,  12.00,  0.00,  14.00,  0.00,  0.00,  0.00,  0.00
1322, 235,  13.00,  0.00,  14.00,  0.00,  0.00,  0.00,  0.00
1323, 217,  12.00,  0.00,  13.00,  0.00,  0.00,  0.00,  0.00
1324, 235,  13.00,  0.00,  14.00,  0.00,  0.00,  0.00,  0.00
1325, 234,  13.00,  0.00,  13.00,  0.00,  0.00,  0.00,  0.00
1326, 234,  13.00,  0.00,  13.00,  0.00,  0.00,  0.00,  0.00
1327, 235,  13.00,  0.00,  14.00,  0.00,  0.00,  0.00,  0.00
1328, 252,  14.00,  0.00,  14.00,  0.00,  0.00,  0.00,  0.00
1329, 234,  13.00,  0.00,  13.00,  0.00,  0.00,  0.00,  0.00
1330, 252,  14.00,  0.00,  14.00,  0.00,  0.00,  0.00,  0.00
1331, 251,  14.00,  0.00,  13.00,  0.00,  0.00,  0.00,  0.00
1332, 251,  14.00,  0.00,  13.00,  0.00,  0.00,  0.00,  0.00
1333, 252,  14.00,  0.00,  14.00,  0.00,  0.00,  0.00,  0.00
1334, 269,  15.00,  0.00,  14.00,  0.00,  0.00,  0.00,  0.00
1335, 251,  14.00,  0.00,  13.00,  0.00,  0.00,  0.00,  0.00
1336, 269,  15.00,  0.00,  14.00,  0.00,  0.00,  0.00,  0.00
1337, 268,  15.00,  0.00,  13.00,  0.00,  0.00,  0.00,  0.00
1338, 268,  15.00,  0.00,  13.00,  0.00,  0.00,  0.00,  0.00
1339, 269,  15.00,  0.00,  14.00,  0.00,  0.00,  0.00,  0.00
1340, 286,  16.00,  0.00,  14.00,  0.00,  0.00,  2.00,  0.00
1341, 268,  15.00,  0.00,  13.00,  0.00,  0.00,  0.00,  0.00
1342, 286,  16.00,  0.00,  14.00,  0.00,  0.00,  2.00,  0.00
1343, 285,  16.00,  0.00,  13.00,  0.00, -1.00,  2.00,  0.00
1344, 14,  0.00,  0.00,  14.00,  0.00,  0.00,  1.00,  0.00
1345, 15,  0.00,  0.00,  15.00,  0.00,  1.00,  1.00,  0.00
1346, 32,  1.00,  0.00,  15.00,  0.00,  0.00,  0.00,  0.00
1347, 14,  0.00,  0.00,  14.00,  0.00,  0.00,  1.00,  0.00
1348, 32,  1.00,  0.00,  15.00,  0.00,  0.00,  0.00,  0.00
1349, 31,  1.00,  0.00,  14.00,  0.00,  0.00,  0.00,  0.00
1350, 31,  1.00,  0.00,  14.00,  0.00,  0.00,  0.00,  0.00
1351, 32,  1.00,  0.00,  15.00,  0.00,  0.00,  0.00,  0.00
1352, 49,  2.00,  0.00,  15.00,  0.00,  0.00,  0.00,  0.00
1353, 31,  1.00,  0.00,  14.00,  0.00,  0.00,  0.00,  0.00
1354, 49,  2.00,  0.00,  15.00,  0.00,  0.00,  0.00,  0.00
1355, 48,  2.00,  0.00,  14.00,  0.00,  0.00,  0.00,  0.00
1356, 48,  2.00,  0.00,  14.00,  0.00,  0.00,  0.00,  0.00
1357, 49,  2.00,  0.00,  15.00,  0.00,  0.00,  0.00,  0.00
1358, 66,  3.00,  0.00,  15.00,  0.00,  0.00,  0.00,  0.00
1359, 48,  2.00,  0.00,  14.00,  0.00,  0.00,  0.00,  0.00
1360, 66,  3.00,  0.00,  15.00,  0.00,  0.00,  0.00,  0.00
1361, 65,  3.00,  0.00,  14.00,  0.00,  0.00,  0.00,  0.00
1362, 65,  3.00,  0.00,  14.00,  0.00,  0.00,  0.00,  0.00
1363, 66,  3.00,  0.00,  15.00,  0.00,  0.00,  0.00,  0.00
1364, 83,  4.00,  0.00,  15.00,  0.00,  0.00,  0.00,  0.00
1365, 65,  3.00,  0.00,  14.00,  0.00,  0.00,  0.00,  0.00
1366, 83,  4.00,  0.00,  15.00,  0.00,  0.00,  0.00,  0.00
1367, 82,  4.00,  0.00,  14.00,  0.00,  0.00,  0.00,  0.00
1368, 82,  4.00,  0.00,  14.00,  0.00,  0.00,  0.00,  0.00
1369, 83,  4.00,  0.00,  15.00,  0.00,  0.00,  0.00,  0.00
1370, 100,  5.00,  0.00,  15.00,  0.00,  0.00,  0.00,  0.00
1371, 82,  4.00,  0.00,  14.00,  0.00,  0.00,  0.00,  0.00
1372, 100,  5.00,  0.00,  15.00,  0.00,  0.00,  0.00,  0.00
1373, 99,  5.00,  0.00,  14.00,  0.00,  0.00,  0.00,  0.00
1374, 99,  5.00,  0.00,  14.00,  0.00,  0.00,  0.00,  0.00
1375, 100,  5.00,  0.00,  15.00,  0.00,  0.00,  0.00,  0.00
1376, 117,  6.00,  0.00,  15.00,  0.00,  0.00,  0.00,  0.00
1377, 99,  5.00,  0.00,  14.00,  0.00,  0.00,  0.00,  0.00
1378, 117,  6.00,  0.00,  15.00,  0.00,  0.00,  0.00,  0.00
1379, 116,  6.00,  0.00,  14.00,  0.00,  0.00,  0.00,  0.00
1380, 116,  6.00,  0.00,  14.00,  0.00,  0.00,  0.00,  0.00
1381, 117,  6.00,  0.00,  15.00,  0.00,  0.00,  0.00,  0.00
1382, 134,  7.00,  0.00,  15.00,  0.00,  0.00,  0.00,  0.00
1383, 116,  6.00,  0.00,  14.00,  0.00,  0.00,  0.00,  0.00
1384, 134,  7.00,  0.00,  15.00,  0.00,  0.00,  0.00,  0.00
1385, 133,  7.00,  0.00,  14.00,  0.00,  0.00,  0.00,  0.00
1386, 133,  7.00,  0.00,  14.00,  0.00,  0.00,  0.00,  0.00
1387, 134,  7.00,  0.00,  15.00,  0.00,  0.00,  0.00,  0.00
1388, 151,  8.00,  0.00,  15.00,  0.00,  0.00,  0.00,  0.00
1389, 133,  7.00,  0.00,  14.00,  0.00,  0.00,  0.00,  0.00
1390, 151,  8.00,  0.00,  15.00,  0.00,  0.00,  0.00,  0.00
1391, 150,  8.00,  0.00,  14.00,  0.00,  0.00,  0.00,  0.00
1392, 150,  8.00,  0.00,  14.00,  0.00,  0.00,  0.00,  0.00
1393, 151,  8.00,  0.00,  15.00,  0.00,  0.00,  0.00,  0.00
1394, 168,  9.00,  0.00,  15.00,  0.00,  0.00,  0.00,  0.00
1395, 150,  8.00,  0.00,  14.00,  0.00,  0.00,  0.00,  0.00
1396, 168,  9.00,  0.00,  15.00,  0.00,  0.00,  0.00,  0.00
1397, 167,  9.00,  0.00,  14.00,  0.00,  0.00,  0.00,  0.00
1398, 167,  9.00,  0.00,  14.00,  0.00,  0.00,  0.00,  0.00
1399, 168,  9.00,  0.00,  15.00,  0.00,  0.00,  0.00,  0.00
1400, 185,  10.00,  0.00,  15.00,  0.00,  0.00,  0.00,  0.00
1401, 167,  9.00,  0.00,  14.00,  0.00,  0.00,  0.00,  0.00
1402, 185,  10.00,  0.00,  15.00,  0.00,  0.00,  0.00,  0.00
1403, 184,  10.00,  0.00,  14.00,  0.00,  0.00,  0.00,  0.00
1404, 184,  10.00,  0.00,  14.00,  0.00,  0.00,  0.00,  0.00
1405, 185,  10.00,  0.00,  15.00,  0.00,  0.00,  0.00,  0.00
1406, 202,  11.00,  0.00,  15.00,  0.00,  0.00,  0.00,  0.00
1407, 184,  10.00,  0.00,  14.00,  0.00,  0.00,  0.00,  0.00
1408, 202,  11.00,  0.00,  15.00,  0.00,  0.00,  0.00,  0.00
1409, 201,  11.00,  0.00,  14.00,  0.00,  0.00,  0.00,  0.00
1410, 201,  11.00,  0.00,  14.00,  0.00,  0.00,  0.00,  0.00
1411, 202,  11.00,  0.00,  15.00,  0.00,  0.00,  0.00,  0.00
1412, 219,  12.00,  0.00,  15.00,  0.00,  0.00,  0.00,  0.00
1413, 201,  11.00,  0.00,  14.00,  0.00,  0.00,  0.00,  0.00
1414, 219,  12.00,  0.00,  15.00,  0.00,  0.00,  0.00,  0.00
1415, 218,  12.00,  0.00,  14.00,  0.00,  0.00,  0.00,  0.00
1416, 218,  12.00,  0.00,  14.00,  0.00,  0.00,  0.00,  0.00
1417, 219,  12.00,  0.00,  15.00,  0.00,  0.00,  0.00,  0.00
1418, 236,  13.00,  0.00,  15.00,  0.00,  0.00,  0.00,  0.00
1419, 218,  12.00,  0.00,  14.00,  0.00,  0.00,  0.00,  0.00
1420, 236,  13.00,  0.00,  15.00,  0.00,  0.00,  0.00,  0.00
1421, 235,  13.00,  0.00,  14.00,  0.00,  0.00,  0.00,  0.00
1422, 235,  13.00,  0.00,  14.00,  0.00,  0.00,  0.00,  0.00
1423, 236,  13.00,  0.00,  15.00,  0.00,  0.00,  0.00,  0.00
1424, 253,  14.00,  0.00,  15.00,  0.00,  0.00,  0.00,  0.00
1425, 235,  13.00,  0.00,  14.00,  0.00,  0.00,  0.00,  0.00
1426, 253,  14.00,  0.00,  15.00,  0.00,  0.00,  0.00,  0.00
1427, 252,  14.00,  0.00,  14.00,  0.00,  0.00,  0.00,  0.00
1428, 252,  14.00,  0.00,  14.00,  0.00,  0.00,  0.00,  0.00
1429, 253,  14.00,  0.00,  15.00,  0.00,  0.00,  0.00,  0.00
1430, 270,  15.00,  0.00,  15.00,  0.00,  0.00,  0.00,  0.00
1431, 252,  14.00,  0.00,  14.00,  0.00,  0.00,  0.00,  0.00
1432, 270,  15.00,  0.00,  15.00,  0.00,  0.00,  0.00,  0.00
1433, 269,  15.00,  0.00,  14.00,  0.00,  0.00,  0.00,  0.00
1434, 269,  15.00,  0.00,  14.00,  0.00,  0.00,  0.00,  0.00
1435, 270,  15.00,  0.00,  15.00,  0.00,  0.00,  0.00,  0.00
1436, 287,  16.00,  0.00,  15.00,  0.00, -1.00,  2.00,  0.00
1437, 269,  15.00,  0.00,  14.00,  0.00,  0.00,  0.00,  0.00
1438, 287,  16.00,  0.00,  15.00,  0.00, -1.00,  2.00,  0.00
1439, 286,  16.00,  0.00,  14.00,  0.00,  0.00,  2.00,  0.00
1440, 15,  0.00,  0.00,  15.00,  0.00,  1.00,  1.00,  0.00
1441, 16,  0.00,  0.00,  16.00,  0.00,  0.00,  5.00,  0.00
1442, 33,  1.00,  0.00,  16.00, -1.00,  0.00,  4.00,  0.00
1443, 15,  0.00,  0.00,  15.00,  0.00,  1.00,  1.00,  0.00
1444, 33,  1.00,  0.00,  16.00, -1.00,  0.00,  4.00,  0.00
1445, 32,  1.00,  0.00,  15.00,  0.00,  0.00,  0.00,  0.00
1446, 32,  1.00,  0.00,  15.00,  0.00,  0.00,  0.00,  0.00
1447, 33,  1.00,  0.00,  16.00, -1.00,  0.00,  4.00,  0.00
1448, 50,  2.00,  0.00,  16.00,  0.00,  0.00,  4.00,  0.00
1449, 32,  1.00,  0.00,  15.00,  0.00,  0.00,  0.00,  0.00
1450, 50,  2.00,  0.00,  16.00,  0.00,  0.00,  4.00,  0.00
1451, 49,  2.00,  0.00,  15.00,  0.00,  0.00,  0.00,  0.00
1452, 49,  2.00,  0.00,  15.00,  0.00,  0.00,  0.00,  0.00
1453, 50,  2.00,  0.00,  16.00,  0.00,  0.00,  4.00,  0.00
1454, 67,  3.00,  0.00,  16.00, -1.00,  0.00,  4.00,  0.00
1455, 49,  2.00,  0.00,  15.00,  0.00,  0.00,  0.00,  0.00
1456, 67,  3.00,  0.00,  16.00, -1.00,  0.00,  4.00,  0.00
1457, 66,  3.00,  0.00,  15.00,  0.00,  0.00,  0.00,  0.00
1458, 66,  3.00,  0.00,  15.00,  0.00,  0.00,  0.00,  0.00
1459, 67,  3.00,  0.00,  16.00, -1.00,  0.00,  4.00,  0.00
1460, 84,  4.00,  0.00,  16.00,  0.00,  0.00,  4.00,  0.00
1461, 66,  3.00,  0.00,  15.00,  0.00,  0.00,  0.00,  0.00
1462, 84,  4.00,  0.00,  16.00,  0.00,  0.00,  4.00,  0.00
1463, 83,  4.00,  0.00,  15.00,  0.00,  0.00,  0.00,  0.00
1464, 83,  4.00,  0.00,  15.00,  0.00,  0.00,  0.00,  0.00
1465, 84,  4.00,  0.00,  16.00,  0.00,  0.00,  4.00,  0.00
1466, 101,  5.00,  0.00,  16.00, -1.00,  0.00,  4.00,  0.00
1467, 83,  4.00,  0.00,  15.00,  0.00,  0.00,  0.00,  0.00
1468, 101,  5.00,  0.00,  16.00, -1.00,  0.00,  4.00,  0.00
1469, 100,  5.00,  0.00,  15.00,  0.00,  0.00,  0.00,  0.00
1470, 100,  5.00,  0.00,  15.00,  0.00,  0.00,  0.00,  0.00
1471, 101,  5.00,  0.00,  16.00, -1.00,  0.00,  4.00,  0.00
1472, 118,  6.00,  0.00,  16.00,  0.00,  0.00,  4.00,  0.00
1473, 100,  5.00,  0.00,  15.00,  0.00,  0.00,  0.00,  0.00
1474, 118,  6.00,  0.00,  16.00,  0.00,  0.00,  4.00,  0.00
1475, 117,  6.00,  0.00,  15.00,  0.00,  0.00,  0.00,  0.00
1476, 117,  6.00,  0.00,  15.00,  0.00,  0.00,  0.00,  0.00
1477, 118,  6.00,  0.00,  16.00,  0.00,  0.00,  4.00,  0.00
1478, 135,  7.00,  0.00,  16.00, -1.00,  0.00,  4.00,  0.00
1479, 117,  6.00,  0.00,  15.00,  0.00,  0.00,  0.00,  0.00
1480, 135,  7.00,  0.00,  16.00, -1.00,  0.00,  4.00,  0.00
1481, 134,  7.00,  0.00,  15.00,  0.00,  0.00,  0.00,  0.00
1482, 134,  7.00,  0.00,  15.00,  0.00,  0.00,  0.00,  0.00
1483, 135,  7.00,  0.00,  16.00, -1.00,  0.00,  4.00,  0.00
1484, 152,  8.00,  0.00,  16.00,  0.00,  0.00,  4.00,  0.00
1485, 134,  7.00,  0.00,  15.00,  0.00,  0.00,  0.00,  0.00
1486, 152,  8.00,  0.00,  16.00,  0.00,  0.00,  4.00,  0.00
1487, 151,  8.00,  0.00,  15.00,  0.00,  0.00,  0.00,  0.00
1488, 151,  8.00,  0.00,  15.00,  0.00,  0.00,  0.00,  0.00
1489, 152,  8.00,  0.00,  16.00,  0.00,  0.00,  4.00,  0.00
1490, 169,  9.00,  0.00,  16.00, -1.00,  0.00,  4.00,  0.00
1491, 151,  8.00,  0.00,  15.00,  0.00,  0.00,  0.00,  0.00
1492, 169,  9.00,  0.00,  16.00, -1.00,  0.00,  4.00,  0.00
1493, 168,  9.00,  0.00,  15.00,  0.00,  0.00,  0.00,  0.00
1494, 168,  9.00,  0.00,  15.00,  0.00,  0.00,  0.00,  0.00
1495, 169,  9.00,  0.00,  16.00, -1.00,  0.00,  4.00,  0.00
1496, 186,  10.00,  0.00,  16.00,  0.00,  0.00,  4.00,  0.00
1497, 168,  9.00,  0.00,  15.00,  0.00,  0.00,  0.00,  0.00
1498, 186,  10.00,  0.00,  16.00,  0.00,  0.00,  4.00,  0.00
1499, 185,  10.00,  0.00,  15.00,  0.00,  0.00,  0.00,  0.00
1500, 185,  10.00,  0.00,  15.00,  0.00,  0.00,  0.00,  0.00
1501, 186,  10.00,  0.00,  16.00,  0.00,  0.00,  4.00,  0.00
1502, 203,  11.00,  0.00,  16.00, -1.00,  0.00,  4.00,  0.00
1503, 185,  10.00,  0.00,  15.00,  0.00,  0.00,  0.00,  0.00
1504, 203,  11.00,  0.00,  16.00, -1.00,  0.00,  4.00,  0.00
1505, 202,  11.00,  0.00,  15.00,  0.00,  0.00,  0.00,  0.00
1506, 202,  11.00,  0.00,  15.00,  0.00,  0.00,  0.00,  0.00
1507, 203,  11.00,  0.00,  16.00, -1.00,  0.00,  4.00,  0.00
1508, 220,  12.00,  0.00,  16.00,  0.00,  0.00,  4.00,  0.00
1509, 202,  11.00,  0.00,  15.00,  0.00,  0.00,  0.00,  0.00
1510, 220,  12.00,  0.00,  16.00,  0.00,  0.00,  4.00,  0.00
1511, 219,  12.00,  0.00,  15.00,  0.00,  0.00,  0.00,  0.00
1512, 219,  12.00,  0.00,  15.00,  0.00,  0.00,  0.00,  0.00
1513, 220,  12.00,  0.00,  16.00,  0.00,  0.00,  4.00,  0.00
1514, 237,  13.00,  0.00,  16.00, -1.00,  0.00,  4.00,  0.00
1515, 219,  12.00,  0.00,  15.00,  0.00,  0.00,  0.00,  0.00
1516, 237,  13.00,  0.00,  16.00, -1.00,  0.00,  4.00,  0.00
1517, 236,  13.00,  0.00,  15.00,  0.00,  0.00,  0.00,  0.00
1518, 236,  13.00,  0.00,  15.00,  0.00,  0.00,  0.00,  0.00
1519, 237,  13.00,  0.00,  16.00, -1.00,  0.00,  4.00,  0.00
1520, 254,  14.00,  0.00,  16.00,  0.00,  0.00,  4.00,  0.00
1521, 236,  13.00,  0.00,  15.00,  0.00,  0.00,  0.00,  0.00
1522, 254,  14.00,  0.00,  16.00,  0.00,  0.00,  4.00,  0.00
1523, 253,  14.00,  0.00,  15.00,  0.00,  0.00,  0.00,  0.00
1524, 253,  14.00,  0.00,  15.00,  0.00,  0.00,  0.00,  0.00
1525, 254,  14.00,  0.00,  16.00,  0.00,  0.00,  4.00,  0.00
1526, 271,  15.00,  0.00,  16.00, -1.00,  0.00,  4.00,  0.00
1527, 253,  14.00,  0.00,  15.00,  0.00,  0.00,  0.00,  0.00
1528, 271,  15.00,  0.00,  16.00, -1.00,  0.00,  4.00,  0.00
1529, 270,  15.00,  0.00,  15.00,  0.00,  0.00,  0.00,  0.00
1530, 270,  15.00,  0.00,  15.00,  0.00,  0.00,  0.00,  0.00
1531, 271,  15.00,  0.00,  16.00, -1.00,  0.00,  4.00,  0.00
1532, 288,  16.00,  0.00,  16.00,  0.00,  0.00,  6.00,  0.00
1533, 270,  15.00,  0.00,  15.00,  0.00,  0.00,  0.00,  0.00
1534, 288,  16.00,  0.00,  16.00,  0.00,  0.00,  6.00,  0.00
1535, 287,  16.00,  0.00,  15.00,  0.00, -1.00,  2.00,  0.00
