VTX, IDX, _input0.x, _input0.y, _input0.z, _input0.w, _input1.x, _input1.y, _input1.z, _input1.w, _input2.x, _input2.y
0, 0,  0.78955, -0.08313,  0.08063,  1.00,  1.00,  0.00,  0.01575,  0.00,  0.00,  0.00
1, 1,  0.78955, -5.96046E-08,  0.08063,  1.00,  1.00,  0.00,  0.01575,  0.00,  0.00,  0.50
2, 2,  0.78906, -5.96046E-08,  0.10797,  1.00,  1.00,  0.00,  0.03937,  0.00,  0.02083,  0.50
3, 0,  0.78955, -0.08313,  0.08063,  1.00,  1.00,  0.00,  0.01575,  0.00,  0.00,  0.00
4, 2,  0.78906, -5.96046E-08,  0.10797,  1.00,  1.00,  0.00,  0.03937,  0.00,  0.02083,  0.50
5, 3,  0.78906, -0.10101,  0.10596,  1.00,  1.00,  0.00,  0.03937,  0.00,  0.02083,  0.00
6, 3,  0.78906, -0.10101,  0.10596,  1.00,  1.00,  0.00,  0.03937,  0.00,  0.02083,  0.00
7, 2,  0.78906, -5.96046E-08,  0.10797,  1.00,  1.00,  0.00,  0.03937,  0.00,  0.02083,  0.50
8, 4,  0.78711, -5.96046E-08,  0.14148,  1.00,  1.00,  0.00,  0.07874,  0.00,  0.04166,  0.50
9, 3,  0.78906, -0.10101,  0.10596,  1.00,  1.00,  0.00,  0.03937,  0.00,  0.02083,  0.00
10, 4,  0.78711, -5.96046E-08,  0.14148,  1.00,  1.00,  0.00,  0.07874,  0.00,  0.04166,  0.50
11, 5,  0.78711, -0.12024,  0.13806,  1.00,  1.00,  0.00,  0.07874,  0.00,  0.04166,  0.00
12, 5,  0.78711, -0.12024,  0.13806,  1.00,  1.00,  0.00,  0.07874,  0.00,  0.04166,  0.00
13, 4,  0.78711, -5.96046E-08,  0.14148,  1.00,  1.00,  0.00,  0.07874,  0.00,  0.04166,  0.50
14, 6,  0.7832, -5.96046E-08,  0.18054,  1.00,  0.99213,  0.00,  0.12598,  0.00,  0.0625,  0.50
15, 5,  0.78711, -0.12024,  0.13806,  1.00,  1.00,  0.00,  0.07874,  0.00,  0.04166,  0.00
16, 6,  0.7832, -5.96046E-08,  0.18054,  1.00,  0.99213,  0.00,  0.12598,  0.00,  0.0625,  0.50
17, 7,  0.78369, -0.14038,  0.17615,  1.00,  0.99213,  0.00,  0.13386,  0.00,  0.0625,  0.00
18, 7,  0.78369, -0.14038,  0.17615,  1.00,  0.99213,  0.00,  0.13386,  0.00,  0.0625,  0.00
19, 6,  0.7832, -5.96046E-08,  0.18054,  1.00,  0.99213,  0.00,  0.12598,  0.00,  0.0625,  0.50
20, 8,  0.77637, -5.96046E-08,  0.22424,  1.00,  0.98425,  0.00,  0.1811,  0.00,  0.08331,  0.50
21, 7,  0.78369, -0.14038,  0.17615,  1.00,  0.99213,  0.00,  0.13386,  0.00,  0.0625,  0.00
22, 8,  0.77637, -5.96046E-08,  0.22424,  1.00,  0.98425,  0.00,  0.1811,  0.00,  0.08331,  0.50
23, 9,  0.77734, -0.16138,  0.21924,  1.00,  0.98425,  0.00,  0.18898,  0.00,  0.08331,  0.00
24, 9,  0.77734, -0.16138,  0.21924,  1.00,  0.98425,  0.00,  0.18898,  0.00,  0.08331,  0.00
25, 8,  0.77637, -5.96046E-08,  0.22424,  1.00,  0.98425,  0.00,  0.1811,  0.00,  0.08331,  0.50
26, 10,  0.76611, -5.96046E-08,  0.27148,  1.00,  0.9685,  0.00,  0.24409,  0.00,  0.10419,  0.50
27, 9,  0.77734, -0.16138,  0.21924,  1.00,  0.98425,  0.00,  0.18898,  0.00,  0.08331,  0.00
28, 10,  0.76611, -5.96046E-08,  0.27148,  1.00,  0.9685,  0.00,  0.24409,  0.00,  0.10419,  0.50
29, 11,  0.76709, -0.18286,  0.26636,  1.00,  0.9685,  0.00,  0.24409,  0.00,  0.10419,  0.00
30, 11,  0.76709, -0.18286,  0.26636,  1.00,  0.9685,  0.00,  0.24409,  0.00,  0.10419,  0.00
31, 10,  0.76611, -5.96046E-08,  0.27148,  1.00,  0.9685,  0.00,  0.24409,  0.00,  0.10419,  0.50
32, 12,  0.75146,  0.00,  0.32178,  1.00,  0.95276,  0.00,  0.30709,  0.00,  0.125,  0.50
33, 11,  0.76709, -0.18286,  0.26636,  1.00,  0.9685,  0.00,  0.24409,  0.00,  0.10419,  0.00
34, 12,  0.75146,  0.00,  0.32178,  1.00,  0.95276,  0.00,  0.30709,  0.00,  0.125,  0.50
35, 13,  0.75342, -0.20471,  0.31689,  1.00,  0.95276,  0.00,  0.30709,  0.00,  0.125,  0.00
36, 13,  0.75342, -0.20471,  0.31689,  1.00,  0.95276,  0.00,  0.30709,  0.00,  0.125,  0.00
37, 12,  0.75146,  0.00,  0.32178,  1.00,  0.95276,  0.00,  0.30709,  0.00,  0.125,  0.50
38, 14,  0.73291,  0.00,  0.37378,  1.00,  0.92913,  0.00,  0.37008,  0.00,  0.14587,  0.50
39, 13,  0.75342, -0.20471,  0.31689,  1.00,  0.95276,  0.00,  0.30709,  0.00,  0.125,  0.00
40, 14,  0.73291,  0.00,  0.37378,  1.00,  0.92913,  0.00,  0.37008,  0.00,  0.14587,  0.50
41, 15,  0.73486, -0.22644,  0.36914,  1.00,  0.92913,  0.00,  0.37795,  0.00,  0.14587,  0.00
42, 15,  0.73486, -0.22644,  0.36914,  1.00,  0.92913,  0.00,  0.37795,  0.00,  0.14587,  0.00
43, 14,  0.73291,  0.00,  0.37378,  1.00,  0.92913,  0.00,  0.37008,  0.00,  0.14587,  0.50
44, 16,  0.70947,  0.00,  0.42651,  1.00,  0.89764,  0.00,  0.44094,  0.00,  0.16663,  0.50
45, 15,  0.73486, -0.22644,  0.36914,  1.00,  0.92913,  0.00,  0.37795,  0.00,  0.14587,  0.00
46, 16,  0.70947,  0.00,  0.42651,  1.00,  0.89764,  0.00,  0.44094,  0.00,  0.16663,  0.50
47, 17,  0.71143, -0.24805,  0.42236,  1.00,  0.89764,  0.00,  0.44094,  0.00,  0.16663,  0.00
48, 17,  0.71143, -0.24805,  0.42236,  1.00,  0.89764,  0.00,  0.44094,  0.00,  0.16663,  0.00
49, 16,  0.70947,  0.00,  0.42651,  1.00,  0.89764,  0.00,  0.44094,  0.00,  0.16663,  0.50
50, 18,  0.68164,  0.00,  0.47876,  1.00,  0.86614,  0.00,  0.50394,  0.00,  0.1875,  0.50
51, 17,  0.71143, -0.24805,  0.42236,  1.00,  0.89764,  0.00,  0.44094,  0.00,  0.16663,  0.00
52, 18,  0.68164,  0.00,  0.47876,  1.00,  0.86614,  0.00,  0.50394,  0.00,  0.1875,  0.50
53, 19,  0.68359, -0.26904,  0.47534,  1.00,  0.85827,  0.00,  0.50394,  0.00,  0.1875,  0.00
54, 19,  0.68359, -0.26904,  0.47534,  1.00,  0.85827,  0.00,  0.50394,  0.00,  0.1875,  0.00
55, 18,  0.68164,  0.00,  0.47876,  1.00,  0.86614,  0.00,  0.50394,  0.00,  0.1875,  0.50
56, 20,  0.64941,  0.00,  0.52979,  1.00,  0.8189,  0.00,  0.56693,  0.00,  0.20837,  0.50
57, 19,  0.68359, -0.26904,  0.47534,  1.00,  0.85827,  0.00,  0.50394,  0.00,  0.1875,  0.00
58, 20,  0.64941,  0.00,  0.52979,  1.00,  0.8189,  0.00,  0.56693,  0.00,  0.20837,  0.50
59, 21,  0.65088, -0.28931,  0.52734,  1.00,  0.8189,  0.00,  0.5748,  0.00,  0.20837,  0.00
60, 21,  0.65088, -0.28931,  0.52734,  1.00,  0.8189,  0.00,  0.5748,  0.00,  0.20837,  0.00
61, 20,  0.64941,  0.00,  0.52979,  1.00,  0.8189,  0.00,  0.56693,  0.00,  0.20837,  0.50
62, 22,  0.61279,  0.00,  0.57861,  1.00,  0.77953,  0.00,  0.62992,  0.00,  0.22913,  0.50
63, 21,  0.65088, -0.28931,  0.52734,  1.00,  0.8189,  0.00,  0.5748,  0.00,  0.20837,  0.00
64, 22,  0.61279,  0.00,  0.57861,  1.00,  0.77953,  0.00,  0.62992,  0.00,  0.22913,  0.50
65, 23,  0.61426, -0.30884,  0.57666,  1.00,  0.77165,  0.00,  0.6378,  0.00,  0.22913,  0.00
66, 23,  0.61426, -0.30884,  0.57666,  1.00,  0.77165,  0.00,  0.6378,  0.00,  0.22913,  0.00
67, 22,  0.61279,  0.00,  0.57861,  1.00,  0.77953,  0.00,  0.62992,  0.00,  0.22913,  0.50
68, 24,  0.57275,  0.00,  0.62402,  1.00,  0.72441,  0.00,  0.68504,  0.00,  0.25,  0.50
69, 23,  0.61426, -0.30884,  0.57666,  1.00,  0.77165,  0.00,  0.6378,  0.00,  0.22913,  0.00
70, 24,  0.57275,  0.00,  0.62402,  1.00,  0.72441,  0.00,  0.68504,  0.00,  0.25,  0.50
71, 25,  0.57373, -0.3269,  0.62256,  1.00,  0.72441,  0.00,  0.69291,  0.00,  0.25,  0.00
72, 25,  0.57373, -0.3269,  0.62256,  1.00,  0.72441,  0.00,  0.69291,  0.00,  0.25,  0.00
73, 24,  0.57275,  0.00,  0.62402,  1.00,  0.72441,  0.00,  0.68504,  0.00,  0.25,  0.50
74, 26,  0.52979,  0.00,  0.66553,  1.00,  0.66929,  0.00,  0.74016,  0.00,  0.27075,  0.50
75, 25,  0.57373, -0.3269,  0.62256,  1.00,  0.72441,  0.00,  0.69291,  0.00,  0.25,  0.00
76, 26,  0.52979,  0.00,  0.66553,  1.00,  0.66929,  0.00,  0.74016,  0.00,  0.27075,  0.50
77, 27,  0.53076, -0.34351,  0.66504,  1.00,  0.66929,  0.00,  0.74803,  0.00,  0.27075,  0.00
78, 27,  0.53076, -0.34351,  0.66504,  1.00,  0.66929,  0.00,  0.74803,  0.00,  0.27075,  0.00
79, 26,  0.52979,  0.00,  0.66553,  1.00,  0.66929,  0.00,  0.74016,  0.00,  0.27075,  0.50
80, 28,  0.48535,  0.00,  0.70313,  1.00,  0.61417,  0.00,  0.7874,  0.00,  0.29175,  0.50
81, 27,  0.53076, -0.34351,  0.66504,  1.00,  0.66929,  0.00,  0.74803,  0.00,  0.27075,  0.00
82, 28,  0.48535,  0.00,  0.70313,  1.00,  0.61417,  0.00,  0.7874,  0.00,  0.29175,  0.50
83, 29,  0.48584, -0.35815,  0.70313,  1.00,  0.61417,  0.00,  0.7874,  0.00,  0.29175,  0.00
84, 29,  0.48584, -0.35815,  0.70313,  1.00,  0.61417,  0.00,  0.7874,  0.00,  0.29175,  0.00
85, 28,  0.48535,  0.00,  0.70313,  1.00,  0.61417,  0.00,  0.7874,  0.00,  0.29175,  0.50
86, 30,  0.43994,  0.00,  0.73633,  1.00,  0.55906,  0.00,  0.82677,  0.00,  0.3125,  0.50
87, 29,  0.48584, -0.35815,  0.70313,  1.00,  0.61417,  0.00,  0.7874,  0.00,  0.29175,  0.00
88, 30,  0.43994,  0.00,  0.73633,  1.00,  0.55906,  0.00,  0.82677,  0.00,  0.3125,  0.50
89, 31,  0.43994, -0.37109,  0.73584,  1.00,  0.55118,  0.00,  0.83465,  0.00,  0.3125,  0.00
90, 31,  0.43994, -0.37109,  0.73584,  1.00,  0.55118,  0.00,  0.83465,  0.00,  0.3125,  0.00
91, 30,  0.43994,  0.00,  0.73633,  1.00,  0.55906,  0.00,  0.82677,  0.00,  0.3125,  0.50
92, 32,  0.39478,  0.00,  0.76416,  1.00,  0.50394,  0.00,  0.86614,  0.00,  0.33325,  0.50
93, 31,  0.43994, -0.37109,  0.73584,  1.00,  0.55118,  0.00,  0.83465,  0.00,  0.3125,  0.00
94, 32,  0.39478,  0.00,  0.76416,  1.00,  0.50394,  0.00,  0.86614,  0.00,  0.33325,  0.50
95, 33,  0.39478, -0.38159,  0.76416,  1.00,  0.49606,  0.00,  0.86614,  0.00,  0.33325,  0.00
96, 33,  0.39478, -0.38159,  0.76416,  1.00,  0.49606,  0.00,  0.86614,  0.00,  0.33325,  0.00
97, 32,  0.39478,  0.00,  0.76416,  1.00,  0.50394,  0.00,  0.86614,  0.00,  0.33325,  0.50
98, 34,  0.34912,  0.00,  0.78857,  1.00,  0.44094,  0.00,  0.89764,  0.00,  0.35425,  0.50
99, 33,  0.39478, -0.38159,  0.76416,  1.00,  0.49606,  0.00,  0.86614,  0.00,  0.33325,  0.00
100, 34,  0.34912,  0.00,  0.78857,  1.00,  0.44094,  0.00,  0.89764,  0.00,  0.35425,  0.50
101, 35,  0.34912, -0.39038,  0.78857,  1.00,  0.44094,  0.00,  0.89764,  0.00,  0.35425,  0.00
102, 35,  0.34912, -0.39038,  0.78857,  1.00,  0.44094,  0.00,  0.89764,  0.00,  0.35425,  0.00
103, 34,  0.34912,  0.00,  0.78857,  1.00,  0.44094,  0.00,  0.89764,  0.00,  0.35425,  0.50
104, 36,  0.302,  0.00,  0.81006,  1.00,  0.38583,  0.00,  0.92126,  0.00,  0.375,  0.50
105, 35,  0.34912, -0.39038,  0.78857,  1.00,  0.44094,  0.00,  0.89764,  0.00,  0.35425,  0.00
106, 36,  0.302,  0.00,  0.81006,  1.00,  0.38583,  0.00,  0.92126,  0.00,  0.375,  0.50
107, 37,  0.302, -0.39795,  0.81006,  1.00,  0.37795,  0.00,  0.92126,  0.00,  0.375,  0.00
108, 37,  0.302, -0.39795,  0.81006,  1.00,  0.37795,  0.00,  0.92126,  0.00,  0.375,  0.00
109, 36,  0.302,  0.00,  0.81006,  1.00,  0.38583,  0.00,  0.92126,  0.00,  0.375,  0.50
110, 38,  0.25366,  0.00,  0.82813,  1.00,  0.32283,  0.00,  0.94488,  0.00,  0.39575,  0.50
111, 37,  0.302, -0.39795,  0.81006,  1.00,  0.37795,  0.00,  0.92126,  0.00,  0.375,  0.00
112, 38,  0.25366,  0.00,  0.82813,  1.00,  0.32283,  0.00,  0.94488,  0.00,  0.39575,  0.50
113, 39,  0.25366, -0.4043,  0.82813,  1.00,  0.32283,  0.00,  0.94488,  0.00,  0.39575,  0.00
114, 39,  0.25366, -0.4043,  0.82813,  1.00,  0.32283,  0.00,  0.94488,  0.00,  0.39575,  0.00
115, 38,  0.25366,  0.00,  0.82813,  1.00,  0.32283,  0.00,  0.94488,  0.00,  0.39575,  0.50
116, 40,  0.20435,  0.00,  0.84326,  1.00,  0.25984,  0.00,  0.9685,  0.00,  0.41675,  0.50
117, 39,  0.25366, -0.4043,  0.82813,  1.00,  0.32283,  0.00,  0.94488,  0.00,  0.39575,  0.00
118, 40,  0.20435,  0.00,  0.84326,  1.00,  0.25984,  0.00,  0.9685,  0.00,  0.41675,  0.50
119, 41,  0.20435, -0.40967,  0.84326,  1.00,  0.25984,  0.00,  0.9685,  0.00,  0.41675,  0.00
120, 41,  0.20435, -0.40967,  0.84326,  1.00,  0.25984,  0.00,  0.9685,  0.00,  0.41675,  0.00
121, 40,  0.20435,  0.00,  0.84326,  1.00,  0.25984,  0.00,  0.9685,  0.00,  0.41675,  0.50
122, 42,  0.15405,  0.00,  0.85498,  1.00,  0.19685,  0.00,  0.98425,  0.00,  0.4375,  0.50
123, 41,  0.20435, -0.40967,  0.84326,  1.00,  0.25984,  0.00,  0.9685,  0.00,  0.41675,  0.00
124, 42,  0.15405,  0.00,  0.85498,  1.00,  0.19685,  0.00,  0.98425,  0.00,  0.4375,  0.50
125, 43,  0.15405, -0.41382,  0.85498,  1.00,  0.19685,  0.00,  0.98425,  0.00,  0.4375,  0.00
126, 43,  0.15405, -0.41382,  0.85498,  1.00,  0.19685,  0.00,  0.98425,  0.00,  0.4375,  0.00
127, 42,  0.15405,  0.00,  0.85498,  1.00,  0.19685,  0.00,  0.98425,  0.00,  0.4375,  0.50
128, 44,  0.10303,  0.00,  0.86328,  1.00,  0.13386,  0.00,  0.99213,  0.00,  0.45825,  0.50
129, 43,  0.15405, -0.41382,  0.85498,  1.00,  0.19685,  0.00,  0.98425,  0.00,  0.4375,  0.00
130, 44,  0.10303,  0.00,  0.86328,  1.00,  0.13386,  0.00,  0.99213,  0.00,  0.45825,  0.50
131, 45,  0.10303, -0.41699,  0.86328,  1.00,  0.12598,  0.00,  0.99213,  0.00,  0.45825,  0.00
132, 45,  0.10303, -0.41699,  0.86328,  1.00,  0.12598,  0.00,  0.99213,  0.00,  0.45825,  0.00
133, 44,  0.10303,  0.00,  0.86328,  1.00,  0.13386,  0.00,  0.99213,  0.00,  0.45825,  0.50
134, 46,  0.05164,  0.00,  0.86816,  1.00,  0.06299,  0.00,  1.00,  0.00,  0.47925,  0.50
135, 45,  0.10303, -0.41699,  0.86328,  1.00,  0.12598,  0.00,  0.99213,  0.00,  0.45825,  0.00
136, 46,  0.05164,  0.00,  0.86816,  1.00,  0.06299,  0.00,  1.00,  0.00,  0.47925,  0.50
137, 47,  0.05164, -0.4187,  0.86816,  1.00,  0.06299,  0.00,  1.00,  0.00,  0.47925,  0.00
138, 47,  0.05164, -0.4187,  0.86816,  1.00,  0.06299,  0.00,  1.00,  0.00,  0.47925,  0.00
139, 46,  0.05164,  0.00,  0.86816,  1.00,  0.06299,  0.00,  1.00,  0.00,  0.47925,  0.50
140, 48, -1.19209E-07,  0.00,  0.87012,  1.00,  0.00,  0.00,  1.00,  0.00,  0.50,  0.50
141, 47,  0.05164, -0.4187,  0.86816,  1.00,  0.06299,  0.00,  1.00,  0.00,  0.47925,  0.00
142, 48, -1.19209E-07,  0.00,  0.87012,  1.00,  0.00,  0.00,  1.00,  0.00,  0.50,  0.50
143, 49, -1.19209E-07, -0.41943,  0.87012,  1.00,  0.00,  0.00,  1.00,  0.00,  0.50,  0.00
144, 49, -1.19209E-07, -0.41943,  0.87012,  1.00,  0.00,  0.00,  1.00,  0.00,  0.50,  0.00
145, 48, -1.19209E-07,  0.00,  0.87012,  1.00,  0.00,  0.00,  1.00,  0.00,  0.50,  0.50
146, 50, -0.05164,  0.00,  0.86816,  1.00, -0.06299,  0.00,  1.00,  0.00,  0.521,  0.50
147, 49, -1.19209E-07, -0.41943,  0.87012,  1.00,  0.00,  0.00,  1.00,  0.00,  0.50,  0.00
148, 50, -0.05164,  0.00,  0.86816,  1.00, -0.06299,  0.00,  1.00,  0.00,  0.521,  0.50
149, 51, -0.05164, -0.41895,  0.86816,  1.00, -0.06299,  0.00,  1.00,  0.00,  0.521,  0.00
150, 51, -0.05164, -0.41895,  0.86816,  1.00, -0.06299,  0.00,  1.00,  0.00,  0.521,  0.00
151, 50, -0.05164,  0.00,  0.86816,  1.00, -0.06299,  0.00,  1.00,  0.00,  0.521,  0.50
152, 52, -0.10303,  0.00,  0.86328,  1.00, -0.13386,  0.00,  0.99213,  0.00,  0.5415,  0.50
153, 51, -0.05164, -0.41895,  0.86816,  1.00, -0.06299,  0.00,  1.00,  0.00,  0.521,  0.00
154, 52, -0.10303,  0.00,  0.86328,  1.00, -0.13386,  0.00,  0.99213,  0.00,  0.5415,  0.50
155, 53, -0.10303, -0.41724,  0.86328,  1.00, -0.12598,  0.00,  0.99213,  0.00,  0.5415,  0.00
156, 53, -0.10303, -0.41724,  0.86328,  1.00, -0.12598,  0.00,  0.99213,  0.00,  0.5415,  0.00
157, 52, -0.10303,  0.00,  0.86328,  1.00, -0.13386,  0.00,  0.99213,  0.00,  0.5415,  0.50
158, 54, -0.15405,  0.00,  0.85498,  1.00, -0.19685,  0.00,  0.98425,  0.00,  0.5625,  0.50
159, 53, -0.10303, -0.41724,  0.86328,  1.00, -0.12598,  0.00,  0.99213,  0.00,  0.5415,  0.00
160, 54, -0.15405,  0.00,  0.85498,  1.00, -0.19685,  0.00,  0.98425,  0.00,  0.5625,  0.50
161, 55, -0.15405, -0.41431,  0.85498,  1.00, -0.19685,  0.00,  0.98425,  0.00,  0.5625,  0.00
162, 55, -0.15405, -0.41431,  0.85498,  1.00, -0.19685,  0.00,  0.98425,  0.00,  0.5625,  0.00
163, 54, -0.15405,  0.00,  0.85498,  1.00, -0.19685,  0.00,  0.98425,  0.00,  0.5625,  0.50
164, 56, -0.20435,  0.00,  0.84326,  1.00, -0.25984,  0.00,  0.9685,  0.00,  0.5835,  0.50
165, 55, -0.15405, -0.41431,  0.85498,  1.00, -0.19685,  0.00,  0.98425,  0.00,  0.5625,  0.00
166, 56, -0.20435,  0.00,  0.84326,  1.00, -0.25984,  0.00,  0.9685,  0.00,  0.5835,  0.50
167, 57, -0.20435, -0.41016,  0.84326,  1.00, -0.25984,  0.00,  0.9685,  0.00,  0.5835,  0.00
168, 57, -0.20435, -0.41016,  0.84326,  1.00, -0.25984,  0.00,  0.9685,  0.00,  0.5835,  0.00
169, 56, -0.20435,  0.00,  0.84326,  1.00, -0.25984,  0.00,  0.9685,  0.00,  0.5835,  0.50
170, 58, -0.25366,  0.00,  0.82813,  1.00, -0.32283,  0.00,  0.94488,  0.00,  0.604,  0.50
171, 57, -0.20435, -0.41016,  0.84326,  1.00, -0.25984,  0.00,  0.9685,  0.00,  0.5835,  0.00
172, 58, -0.25366,  0.00,  0.82813,  1.00, -0.32283,  0.00,  0.94488,  0.00,  0.604,  0.50
173, 59, -0.25366, -0.40479,  0.82813,  1.00, -0.32283,  0.00,  0.94488,  0.00,  0.604,  0.00
174, 59, -0.25366, -0.40479,  0.82813,  1.00, -0.32283,  0.00,  0.94488,  0.00,  0.604,  0.00
175, 58, -0.25366,  0.00,  0.82813,  1.00, -0.32283,  0.00,  0.94488,  0.00,  0.604,  0.50
176, 60, -0.302,  0.00,  0.81006,  1.00, -0.38583,  0.00,  0.92126,  0.00,  0.625,  0.50
177, 59, -0.25366, -0.40479,  0.82813,  1.00, -0.32283,  0.00,  0.94488,  0.00,  0.604,  0.00
178, 60, -0.302,  0.00,  0.81006,  1.00, -0.38583,  0.00,  0.92126,  0.00,  0.625,  0.50
179, 61, -0.302, -0.39819,  0.81006,  1.00, -0.37795,  0.00,  0.92126,  0.00,  0.625,  0.00
180, 61, -0.302, -0.39819,  0.81006,  1.00, -0.37795,  0.00,  0.92126,  0.00,  0.625,  0.00
181, 60, -0.302,  0.00,  0.81006,  1.00, -0.38583,  0.00,  0.92126,  0.00,  0.625,  0.50
182, 62, -0.34912,  0.00,  0.78857,  1.00, -0.44094,  0.00,  0.89764,  0.00,  0.646,  0.50
183, 61, -0.302, -0.39819,  0.81006,  1.00, -0.37795,  0.00,  0.92126,  0.00,  0.625,  0.00
184, 62, -0.34912,  0.00,  0.78857,  1.00, -0.44094,  0.00,  0.89764,  0.00,  0.646,  0.50
185, 63, -0.34912, -0.39063,  0.78857,  1.00, -0.44094,  0.00,  0.89764,  0.00,  0.646,  0.00
186, 63, -0.34912, -0.39063,  0.78857,  1.00, -0.44094,  0.00,  0.89764,  0.00,  0.646,  0.00
187, 62, -0.34912,  0.00,  0.78857,  1.00, -0.44094,  0.00,  0.89764,  0.00,  0.646,  0.50
188, 64, -0.39478,  0.00,  0.76416,  1.00, -0.50394,  0.00,  0.86614,  0.00,  0.6665,  0.50
189, 63, -0.34912, -0.39063,  0.78857,  1.00, -0.44094,  0.00,  0.89764,  0.00,  0.646,  0.00
190, 64, -0.39478,  0.00,  0.76416,  1.00, -0.50394,  0.00,  0.86614,  0.00,  0.6665,  0.50
191, 65, -0.39478, -0.38159,  0.76416,  1.00, -0.49606,  0.00,  0.86614,  0.00,  0.6665,  0.00
192, 65, -0.39478, -0.38159,  0.76416,  1.00, -0.49606,  0.00,  0.86614,  0.00,  0.6665,  0.00
193, 64, -0.39478,  0.00,  0.76416,  1.00, -0.50394,  0.00,  0.86614,  0.00,  0.6665,  0.50
194, 66, -0.43994,  0.00,  0.73584,  1.00, -0.55906,  0.00,  0.82677,  0.00,  0.6875,  0.50
195, 65, -0.39478, -0.38159,  0.76416,  1.00, -0.49606,  0.00,  0.86614,  0.00,  0.6665,  0.00
196, 66, -0.43994,  0.00,  0.73584,  1.00, -0.55906,  0.00,  0.82677,  0.00,  0.6875,  0.50
197, 67, -0.44019, -0.37061,  0.73584,  1.00, -0.55118,  0.00,  0.83465,  0.00,  0.6875,  0.00
198, 67, -0.44019, -0.37061,  0.73584,  1.00, -0.55118,  0.00,  0.83465,  0.00,  0.6875,  0.00
199, 66, -0.43994,  0.00,  0.73584,  1.00, -0.55906,  0.00,  0.82677,  0.00,  0.6875,  0.50
200, 68, -0.4856,  0.00,  0.70313,  1.00, -0.61417,  0.00,  0.7874,  0.00,  0.7085,  0.50
201, 67, -0.44019, -0.37061,  0.73584,  1.00, -0.55118,  0.00,  0.83465,  0.00,  0.6875,  0.00
202, 68, -0.4856,  0.00,  0.70313,  1.00, -0.61417,  0.00,  0.7874,  0.00,  0.7085,  0.50
203, 69, -0.48584, -0.35742,  0.70264,  1.00, -0.61417,  0.00,  0.7874,  0.00,  0.7085,  0.00
204, 69, -0.48584, -0.35742,  0.70264,  1.00, -0.61417,  0.00,  0.7874,  0.00,  0.7085,  0.00
205, 68, -0.4856,  0.00,  0.70313,  1.00, -0.61417,  0.00,  0.7874,  0.00,  0.7085,  0.50
206, 70, -0.53027,  0.00,  0.66553,  1.00, -0.66929,  0.00,  0.74016,  0.00,  0.729,  0.50
207, 69, -0.48584, -0.35742,  0.70264,  1.00, -0.61417,  0.00,  0.7874,  0.00,  0.7085,  0.00
208, 70, -0.53027,  0.00,  0.66553,  1.00, -0.66929,  0.00,  0.74016,  0.00,  0.729,  0.50
209, 71, -0.53076, -0.34229,  0.66504,  1.00, -0.66929,  0.00,  0.74016,  0.00,  0.729,  0.00
210, 71, -0.53076, -0.34229,  0.66504,  1.00, -0.66929,  0.00,  0.74016,  0.00,  0.729,  0.00
211, 70, -0.53027,  0.00,  0.66553,  1.00, -0.66929,  0.00,  0.74016,  0.00,  0.729,  0.50
212, 72, -0.57324,  0.00,  0.62354,  1.00, -0.72441,  0.00,  0.68504,  0.00,  0.75,  0.50
213, 71, -0.53076, -0.34229,  0.66504,  1.00, -0.66929,  0.00,  0.74016,  0.00,  0.729,  0.00
214, 72, -0.57324,  0.00,  0.62354,  1.00, -0.72441,  0.00,  0.68504,  0.00,  0.75,  0.50
215, 73, -0.57422, -0.32495,  0.62256,  1.00, -0.72441,  0.00,  0.69291,  0.00,  0.75,  0.00
216, 73, -0.57422, -0.32495,  0.62256,  1.00, -0.72441,  0.00,  0.69291,  0.00,  0.75,  0.00
217, 72, -0.57324,  0.00,  0.62354,  1.00, -0.72441,  0.00,  0.68504,  0.00,  0.75,  0.50
218, 74, -0.61328,  0.00,  0.57764,  1.00, -0.77953,  0.00,  0.62992,  0.00,  0.771,  0.50
219, 73, -0.57422, -0.32495,  0.62256,  1.00, -0.72441,  0.00,  0.69291,  0.00,  0.75,  0.00
220, 74, -0.61328,  0.00,  0.57764,  1.00, -0.77953,  0.00,  0.62992,  0.00,  0.771,  0.50
221, 75, -0.61475, -0.3064,  0.57617,  1.00, -0.77165,  0.00,  0.62992,  0.00,  0.771,  0.00
222, 75, -0.61475, -0.3064,  0.57617,  1.00, -0.77165,  0.00,  0.62992,  0.00,  0.771,  0.00
223, 74, -0.61328,  0.00,  0.57764,  1.00, -0.77953,  0.00,  0.62992,  0.00,  0.771,  0.50
224, 76, -0.6499,  0.00,  0.52881,  1.00, -0.82677,  0.00,  0.56693,  0.00,  0.7915,  0.50
225, 75, -0.61475, -0.3064,  0.57617,  1.00, -0.77165,  0.00,  0.62992,  0.00,  0.771,  0.00
226, 76, -0.6499,  0.00,  0.52881,  1.00, -0.82677,  0.00,  0.56693,  0.00,  0.7915,  0.50
227, 77, -0.65137, -0.28638,  0.52637,  1.00, -0.8189,  0.00,  0.5748,  0.00,  0.7915,  0.00
228, 77, -0.65137, -0.28638,  0.52637,  1.00, -0.8189,  0.00,  0.5748,  0.00,  0.7915,  0.00
229, 76, -0.6499,  0.00,  0.52881,  1.00, -0.82677,  0.00,  0.56693,  0.00,  0.7915,  0.50
230, 78, -0.68213,  0.00,  0.47754,  1.00, -0.86614,  0.00,  0.50394,  0.00,  0.8125,  0.50
231, 77, -0.65137, -0.28638,  0.52637,  1.00, -0.8189,  0.00,  0.5748,  0.00,  0.7915,  0.00
232, 78, -0.68213,  0.00,  0.47754,  1.00, -0.86614,  0.00,  0.50394,  0.00,  0.8125,  0.50
233, 79, -0.68408, -0.26538,  0.47437,  1.00, -0.86614,  0.00,  0.50394,  0.00,  0.8125,  0.00
234, 79, -0.68408, -0.26538,  0.47437,  1.00, -0.86614,  0.00,  0.50394,  0.00,  0.8125,  0.00
235, 78, -0.68213,  0.00,  0.47754,  1.00, -0.86614,  0.00,  0.50394,  0.00,  0.8125,  0.50
236, 80, -0.71045,  0.00,  0.42505,  1.00, -0.89764,  0.00,  0.43307,  0.00,  0.8335,  0.50
237, 79, -0.68408, -0.26538,  0.47437,  1.00, -0.86614,  0.00,  0.50394,  0.00,  0.8125,  0.00
238, 80, -0.71045,  0.00,  0.42505,  1.00, -0.89764,  0.00,  0.43307,  0.00,  0.8335,  0.50
239, 81, -0.7124, -0.24365,  0.42114,  1.00, -0.89764,  0.00,  0.44094,  0.00,  0.8335,  0.00
240, 81, -0.7124, -0.24365,  0.42114,  1.00, -0.89764,  0.00,  0.44094,  0.00,  0.8335,  0.00
241, 80, -0.71045,  0.00,  0.42505,  1.00, -0.89764,  0.00,  0.43307,  0.00,  0.8335,  0.50
242, 82, -0.7334,  0.00,  0.37207,  1.00, -0.92913,  0.00,  0.37008,  0.00,  0.854,  0.50
243, 81, -0.7124, -0.24365,  0.42114,  1.00, -0.89764,  0.00,  0.44094,  0.00,  0.8335,  0.00
244, 82, -0.7334,  0.00,  0.37207,  1.00, -0.92913,  0.00,  0.37008,  0.00,  0.854,  0.50
245, 83, -0.73535, -0.22144,  0.36768,  1.00, -0.92913,  0.00,  0.37008,  0.00,  0.854,  0.00
246, 83, -0.73535, -0.22144,  0.36768,  1.00, -0.92913,  0.00,  0.37008,  0.00,  0.854,  0.00
247, 82, -0.7334,  0.00,  0.37207,  1.00, -0.92913,  0.00,  0.37008,  0.00,  0.854,  0.50
248, 84, -0.75244,  0.00,  0.32007,  1.00, -0.95276,  0.00,  0.30709,  0.00,  0.875,  0.50
249, 83, -0.73535, -0.22144,  0.36768,  1.00, -0.92913,  0.00,  0.37008,  0.00,  0.854,  0.00
250, 84, -0.75244,  0.00,  0.32007,  1.00, -0.95276,  0.00,  0.30709,  0.00,  0.875,  0.50
251, 85, -0.75391, -0.19897,  0.31519,  1.00, -0.95276,  0.00,  0.30709,  0.00,  0.875,  0.00
252, 85, -0.75391, -0.19897,  0.31519,  1.00, -0.95276,  0.00,  0.30709,  0.00,  0.875,  0.00
253, 84, -0.75244,  0.00,  0.32007,  1.00, -0.95276,  0.00,  0.30709,  0.00,  0.875,  0.50
254, 86, -0.7666, -5.96046E-08,  0.26978,  1.00, -0.9685,  0.00,  0.24409,  0.00,  0.896,  0.50
255, 85, -0.75391, -0.19897,  0.31519,  1.00, -0.95276,  0.00,  0.30709,  0.00,  0.875,  0.00
256, 86, -0.7666, -5.96046E-08,  0.26978,  1.00, -0.9685,  0.00,  0.24409,  0.00,  0.896,  0.50
257, 87, -0.76758, -0.17664,  0.26489,  1.00, -0.9685,  0.00,  0.24409,  0.00,  0.896,  0.00
258, 87, -0.76758, -0.17664,  0.26489,  1.00, -0.9685,  0.00,  0.24409,  0.00,  0.896,  0.00
259, 86, -0.7666, -5.96046E-08,  0.26978,  1.00, -0.9685,  0.00,  0.24409,  0.00,  0.896,  0.50
260, 88, -0.77637, -5.96046E-08,  0.22253,  1.00, -0.98425,  0.00,  0.1811,  0.00,  0.9165,  0.50
261, 87, -0.76758, -0.17664,  0.26489,  1.00, -0.9685,  0.00,  0.24409,  0.00,  0.896,  0.00
262, 88, -0.77637, -5.96046E-08,  0.22253,  1.00, -0.98425,  0.00,  0.1811,  0.00,  0.9165,  0.50
263, 89, -0.77734, -0.15454,  0.21765,  1.00, -0.98425,  0.00,  0.1811,  0.00,  0.9165,  0.00
264, 89, -0.77734, -0.15454,  0.21765,  1.00, -0.98425,  0.00,  0.1811,  0.00,  0.9165,  0.00
265, 88, -0.77637, -5.96046E-08,  0.22253,  1.00, -0.98425,  0.00,  0.1811,  0.00,  0.9165,  0.50
266, 90, -0.7832, -5.96046E-08,  0.17896,  1.00, -0.99213,  0.00,  0.12598,  0.00,  0.9375,  0.50
267, 89, -0.77734, -0.15454,  0.21765,  1.00, -0.98425,  0.00,  0.1811,  0.00,  0.9165,  0.00
268, 90, -0.7832, -5.96046E-08,  0.17896,  1.00, -0.99213,  0.00,  0.12598,  0.00,  0.9375,  0.50
269, 91, -0.78369, -0.13306,  0.17468,  1.00, -0.99213,  0.00,  0.12598,  0.00,  0.9375,  0.00
270, 91, -0.78369, -0.13306,  0.17468,  1.00, -0.99213,  0.00,  0.12598,  0.00,  0.9375,  0.00
271, 90, -0.7832, -5.96046E-08,  0.17896,  1.00, -0.99213,  0.00,  0.12598,  0.00,  0.9375,  0.50
272, 92, -0.78711, -5.96046E-08,  0.14026,  1.00, -1.00,  0.00,  0.07874,  0.00,  0.9585,  0.50
273, 91, -0.78369, -0.13306,  0.17468,  1.00, -0.99213,  0.00,  0.12598,  0.00,  0.9375,  0.00
274, 92, -0.78711, -5.96046E-08,  0.14026,  1.00, -1.00,  0.00,  0.07874,  0.00,  0.9585,  0.50
275, 93, -0.7876, -0.11237,  0.13696,  1.00, -1.00,  0.00,  0.07874,  0.00,  0.9585,  0.00
276, 93, -0.7876, -0.11237,  0.13696,  1.00, -1.00,  0.00,  0.07874,  0.00,  0.9585,  0.00
277, 92, -0.78711, -5.96046E-08,  0.14026,  1.00, -1.00,  0.00,  0.07874,  0.00,  0.9585,  0.50
278, 94, -0.78906, -5.96046E-08,  0.10724,  1.00, -1.00,  0.00,  0.03937,  0.00,  0.979,  0.50
279, 93, -0.7876, -0.11237,  0.13696,  1.00, -1.00,  0.00,  0.07874,  0.00,  0.9585,  0.00
280, 94, -0.78906, -5.96046E-08,  0.10724,  1.00, -1.00,  0.00,  0.03937,  0.00,  0.979,  0.50
281, 95, -0.78906, -0.09277,  0.10535,  1.00, -1.00,  0.00,  0.03937,  0.00,  0.979,  0.00
282, 95, -0.78906, -0.09277,  0.10535,  1.00, -1.00,  0.00,  0.03937,  0.00,  0.979,  0.00
283, 94, -0.78906, -5.96046E-08,  0.10724,  1.00, -1.00,  0.00,  0.03937,  0.00,  0.979,  0.50
284, 96, -0.78955, -5.96046E-08,  0.08063,  1.00, -1.00,  0.00,  0.01575,  0.00,  1.00,  0.50
285, 95, -0.78906, -0.09277,  0.10535,  1.00, -1.00,  0.00,  0.03937,  0.00,  0.979,  0.00
286, 96, -0.78955, -5.96046E-08,  0.08063,  1.00, -1.00,  0.00,  0.01575,  0.00,  1.00,  0.50
287, 97, -0.78955, -0.07458,  0.08063,  1.00, -1.00,  0.00,  0.01575,  0.00,  1.00,  0.00
288, 82, -0.7334,  0.00,  0.37207,  1.00, -0.92913,  0.00,  0.37008,  0.00,  0.854,  0.50
289, 98, -0.75391,  0.19897,  0.31519,  1.00, -0.95276,  0.00,  0.30709,  0.00,  0.875,  1.00
290, 84, -0.75244,  0.00,  0.32007,  1.00, -0.95276,  0.00,  0.30709,  0.00,  0.875,  0.50
291, 84, -0.75244,  0.00,  0.32007,  1.00, -0.95276,  0.00,  0.30709,  0.00,  0.875,  0.50
292, 98, -0.75391,  0.19897,  0.31519,  1.00, -0.95276,  0.00,  0.30709,  0.00,  0.875,  1.00
293, 99, -0.76758,  0.17664,  0.26489,  1.00, -0.9685,  0.00,  0.24409,  0.00,  0.896,  1.00
294, 84, -0.75244,  0.00,  0.32007,  1.00, -0.95276,  0.00,  0.30709,  0.00,  0.875,  0.50
295, 99, -0.76758,  0.17664,  0.26489,  1.00, -0.9685,  0.00,  0.24409,  0.00,  0.896,  1.00
296, 86, -0.7666, -5.96046E-08,  0.26978,  1.00, -0.9685,  0.00,  0.24409,  0.00,  0.896,  0.50
297, 86, -0.7666, -5.96046E-08,  0.26978,  1.00, -0.9685,  0.00,  0.24409,  0.00,  0.896,  0.50
298, 99, -0.76758,  0.17664,  0.26489,  1.00, -0.9685,  0.00,  0.24409,  0.00,  0.896,  1.00
299, 100, -0.77734,  0.15454,  0.21765,  1.00, -0.98425,  0.00,  0.1811,  0.00,  0.9165,  1.00
300, 86, -0.7666, -5.96046E-08,  0.26978,  1.00, -0.9685,  0.00,  0.24409,  0.00,  0.896,  0.50
301, 100, -0.77734,  0.15454,  0.21765,  1.00, -0.98425,  0.00,  0.1811,  0.00,  0.9165,  1.00
302, 88, -0.77637, -5.96046E-08,  0.22253,  1.00, -0.98425,  0.00,  0.1811,  0.00,  0.9165,  0.50
303, 88, -0.77637, -5.96046E-08,  0.22253,  1.00, -0.98425,  0.00,  0.1811,  0.00,  0.9165,  0.50
304, 100, -0.77734,  0.15454,  0.21765,  1.00, -0.98425,  0.00,  0.1811,  0.00,  0.9165,  1.00
305, 101, -0.78369,  0.13306,  0.17468,  1.00, -0.99213,  0.00,  0.12598,  0.00,  0.9375,  1.00
306, 88, -0.77637, -5.96046E-08,  0.22253,  1.00, -0.98425,  0.00,  0.1811,  0.00,  0.9165,  0.50
307, 101, -0.78369,  0.13306,  0.17468,  1.00, -0.99213,  0.00,  0.12598,  0.00,  0.9375,  1.00
308, 90, -0.7832, -5.96046E-08,  0.17896,  1.00, -0.99213,  0.00,  0.12598,  0.00,  0.9375,  0.50
309, 90, -0.7832, -5.96046E-08,  0.17896,  1.00, -0.99213,  0.00,  0.12598,  0.00,  0.9375,  0.50
310, 101, -0.78369,  0.13306,  0.17468,  1.00, -0.99213,  0.00,  0.12598,  0.00,  0.9375,  1.00
311, 102, -0.7876,  0.11237,  0.13696,  1.00, -1.00,  0.00,  0.07874,  0.00,  0.9585,  1.00
312, 90, -0.7832, -5.96046E-08,  0.17896,  1.00, -0.99213,  0.00,  0.12598,  0.00,  0.9375,  0.50
313, 102, -0.7876,  0.11237,  0.13696,  1.00, -1.00,  0.00,  0.07874,  0.00,  0.9585,  1.00
314, 92, -0.78711, -5.96046E-08,  0.14026,  1.00, -1.00,  0.00,  0.07874,  0.00,  0.9585,  0.50
315, 92, -0.78711, -5.96046E-08,  0.14026,  1.00, -1.00,  0.00,  0.07874,  0.00,  0.9585,  0.50
316, 102, -0.7876,  0.11237,  0.13696,  1.00, -1.00,  0.00,  0.07874,  0.00,  0.9585,  1.00
317, 103, -0.78906,  0.09277,  0.10535,  1.00, -1.00,  0.00,  0.03937,  0.00,  0.979,  1.00
318, 92, -0.78711, -5.96046E-08,  0.14026,  1.00, -1.00,  0.00,  0.07874,  0.00,  0.9585,  0.50
319, 103, -0.78906,  0.09277,  0.10535,  1.00, -1.00,  0.00,  0.03937,  0.00,  0.979,  1.00
320, 94, -0.78906, -5.96046E-08,  0.10724,  1.00, -1.00,  0.00,  0.03937,  0.00,  0.979,  0.50
321, 94, -0.78906, -5.96046E-08,  0.10724,  1.00, -1.00,  0.00,  0.03937,  0.00,  0.979,  0.50
322, 103, -0.78906,  0.09277,  0.10535,  1.00, -1.00,  0.00,  0.03937,  0.00,  0.979,  1.00
323, 104, -0.78955,  0.07458,  0.08063,  1.00, -1.00,  0.00,  0.01575,  0.00,  1.00,  1.00
324, 94, -0.78906, -5.96046E-08,  0.10724,  1.00, -1.00,  0.00,  0.03937,  0.00,  0.979,  0.50
325, 104, -0.78955,  0.07458,  0.08063,  1.00, -1.00,  0.00,  0.01575,  0.00,  1.00,  1.00
326, 96, -0.78955, -5.96046E-08,  0.08063,  1.00, -1.00,  0.00,  0.01575,  0.00,  1.00,  0.50
327, 91, -0.78369, -0.13306,  0.17468,  1.00, -0.99213,  0.00,  0.12598,  0.00,  0.9375,  0.00
328, 105, -0.77734, -0.22107,  0.21765,  1.00, -0.99213,  0.00,  0.14961,  0.00,  0.9165, -0.21069
329, 89, -0.77734, -0.15454,  0.21765,  1.00, -0.98425,  0.00,  0.1811,  0.00,  0.9165,  0.00
330, 91, -0.78369, -0.13306,  0.17468,  1.00, -0.99213,  0.00,  0.12598,  0.00,  0.9375,  0.00
331, 106, -0.78369, -0.19275,  0.17468,  1.00, -0.99213,  0.00,  0.14961,  0.00,  0.9375, -0.21069
332, 105, -0.77734, -0.22107,  0.21765,  1.00, -0.99213,  0.00,  0.14961,  0.00,  0.9165, -0.21069
333, 95, -0.78906, -0.09277,  0.10535,  1.00, -1.00,  0.00,  0.03937,  0.00,  0.979,  0.00
334, 107, -0.7876, -0.16626,  0.13696,  1.00, -0.99213,  0.00,  0.09449,  0.00,  0.9585, -0.21069
335, 93, -0.7876, -0.11237,  0.13696,  1.00, -1.00,  0.00,  0.07874,  0.00,  0.9585,  0.00
336, 93, -0.7876, -0.11237,  0.13696,  1.00, -1.00,  0.00,  0.07874,  0.00,  0.9585,  0.00
337, 107, -0.7876, -0.16626,  0.13696,  1.00, -0.99213,  0.00,  0.09449,  0.00,  0.9585, -0.21069
338, 108, -0.78369, -0.19275,  0.17468,  1.00, -0.99213,  0.00,  0.09449,  0.00,  0.9375, -0.21069
339, 95, -0.78906, -0.09277,  0.10535,  1.00, -1.00,  0.00,  0.03937,  0.00,  0.979,  0.00
340, 109, -0.78906, -0.14172,  0.10535,  1.00, -1.00,  0.00,  0.05512,  0.00,  0.979, -0.21069
341, 107, -0.7876, -0.16626,  0.13696,  1.00, -0.99213,  0.00,  0.09449,  0.00,  0.9585, -0.21069
342, 97, -0.78955, -0.07458,  0.08063,  1.00, -1.00,  0.00,  0.01575,  0.00,  1.00,  0.00
343, 109, -0.78906, -0.14172,  0.10535,  1.00, -1.00,  0.00,  0.05512,  0.00,  0.979, -0.21069
344, 95, -0.78906, -0.09277,  0.10535,  1.00, -1.00,  0.00,  0.03937,  0.00,  0.979,  0.00
345, 97, -0.78955, -0.07458,  0.08063,  1.00, -1.00,  0.00,  0.01575,  0.00,  1.00,  0.00
346, 110, -0.78955, -0.11963,  0.08063,  1.00, -1.00,  0.00,  0.01575,  0.00,  1.00, -0.21069
347, 109, -0.78906, -0.14172,  0.10535,  1.00, -1.00,  0.00,  0.05512,  0.00,  0.979, -0.21069
348, 82, -0.7334,  0.00,  0.37207,  1.00, -0.92913,  0.00,  0.37008,  0.00,  0.854,  0.50
349, 111, -0.73535,  0.22144,  0.36768,  1.00, -0.92913,  0.00,  0.37008,  0.00,  0.854,  1.00
350, 98, -0.75391,  0.19897,  0.31519,  1.00, -0.95276,  0.00,  0.30709,  0.00,  0.875,  1.00
351, 80, -0.71045,  0.00,  0.42505,  1.00, -0.89764,  0.00,  0.43307,  0.00,  0.8335,  0.50
352, 111, -0.73535,  0.22144,  0.36768,  1.00, -0.92913,  0.00,  0.37008,  0.00,  0.854,  1.00
353, 82, -0.7334,  0.00,  0.37207,  1.00, -0.92913,  0.00,  0.37008,  0.00,  0.854,  0.50
354, 80, -0.71045,  0.00,  0.42505,  1.00, -0.89764,  0.00,  0.43307,  0.00,  0.8335,  0.50
355, 112, -0.7124,  0.24365,  0.42114,  1.00, -0.89764,  0.00,  0.44094,  0.00,  0.8335,  1.00
356, 111, -0.73535,  0.22144,  0.36768,  1.00, -0.92913,  0.00,  0.37008,  0.00,  0.854,  1.00
357, 78, -0.68213,  0.00,  0.47754,  1.00, -0.86614,  0.00,  0.50394,  0.00,  0.8125,  0.50
358, 112, -0.7124,  0.24365,  0.42114,  1.00, -0.89764,  0.00,  0.44094,  0.00,  0.8335,  1.00
359, 80, -0.71045,  0.00,  0.42505,  1.00, -0.89764,  0.00,  0.43307,  0.00,  0.8335,  0.50
360, 78, -0.68213,  0.00,  0.47754,  1.00, -0.86614,  0.00,  0.50394,  0.00,  0.8125,  0.50
361, 113, -0.68408,  0.26538,  0.47437,  1.00, -0.86614,  0.00,  0.50394,  0.00,  0.8125,  1.00
362, 112, -0.7124,  0.24365,  0.42114,  1.00, -0.89764,  0.00,  0.44094,  0.00,  0.8335,  1.00
363, 76, -0.6499,  0.00,  0.52881,  1.00, -0.82677,  0.00,  0.56693,  0.00,  0.7915,  0.50
364, 113, -0.68408,  0.26538,  0.47437,  1.00, -0.86614,  0.00,  0.50394,  0.00,  0.8125,  1.00
365, 78, -0.68213,  0.00,  0.47754,  1.00, -0.86614,  0.00,  0.50394,  0.00,  0.8125,  0.50
366, 76, -0.6499,  0.00,  0.52881,  1.00, -0.82677,  0.00,  0.56693,  0.00,  0.7915,  0.50
367, 114, -0.65137,  0.28638,  0.52637,  1.00, -0.8189,  0.00,  0.5748,  0.00,  0.7915,  1.00
368, 113, -0.68408,  0.26538,  0.47437,  1.00, -0.86614,  0.00,  0.50394,  0.00,  0.8125,  1.00
369, 74, -0.61328,  0.00,  0.57764,  1.00, -0.77953,  0.00,  0.62992,  0.00,  0.771,  0.50
370, 114, -0.65137,  0.28638,  0.52637,  1.00, -0.8189,  0.00,  0.5748,  0.00,  0.7915,  1.00
371, 76, -0.6499,  0.00,  0.52881,  1.00, -0.82677,  0.00,  0.56693,  0.00,  0.7915,  0.50
372, 74, -0.61328,  0.00,  0.57764,  1.00, -0.77953,  0.00,  0.62992,  0.00,  0.771,  0.50
373, 115, -0.61475,  0.3064,  0.57617,  1.00, -0.77165,  0.00,  0.62992,  0.00,  0.771,  1.00
374, 114, -0.65137,  0.28638,  0.52637,  1.00, -0.8189,  0.00,  0.5748,  0.00,  0.7915,  1.00
375, 72, -0.57324,  0.00,  0.62354,  1.00, -0.72441,  0.00,  0.68504,  0.00,  0.75,  0.50
376, 115, -0.61475,  0.3064,  0.57617,  1.00, -0.77165,  0.00,  0.62992,  0.00,  0.771,  1.00
377, 74, -0.61328,  0.00,  0.57764,  1.00, -0.77953,  0.00,  0.62992,  0.00,  0.771,  0.50
378, 72, -0.57324,  0.00,  0.62354,  1.00, -0.72441,  0.00,  0.68504,  0.00,  0.75,  0.50
379, 116, -0.57422,  0.32495,  0.62256,  1.00, -0.72441,  0.00,  0.69291,  0.00,  0.75,  1.00
380, 115, -0.61475,  0.3064,  0.57617,  1.00, -0.77165,  0.00,  0.62992,  0.00,  0.771,  1.00
381, 70, -0.53027,  0.00,  0.66553,  1.00, -0.66929,  0.00,  0.74016,  0.00,  0.729,  0.50
382, 116, -0.57422,  0.32495,  0.62256,  1.00, -0.72441,  0.00,  0.69291,  0.00,  0.75,  1.00
383, 72, -0.57324,  0.00,  0.62354,  1.00, -0.72441,  0.00,  0.68504,  0.00,  0.75,  0.50
384, 70, -0.53027,  0.00,  0.66553,  1.00, -0.66929,  0.00,  0.74016,  0.00,  0.729,  0.50
385, 117, -0.53076,  0.34229,  0.66504,  1.00, -0.66929,  0.00,  0.74016,  0.00,  0.729,  1.00
386, 116, -0.57422,  0.32495,  0.62256,  1.00, -0.72441,  0.00,  0.69291,  0.00,  0.75,  1.00
387, 68, -0.4856,  0.00,  0.70313,  1.00, -0.61417,  0.00,  0.7874,  0.00,  0.7085,  0.50
388, 117, -0.53076,  0.34229,  0.66504,  1.00, -0.66929,  0.00,  0.74016,  0.00,  0.729,  1.00
389, 70, -0.53027,  0.00,  0.66553,  1.00, -0.66929,  0.00,  0.74016,  0.00,  0.729,  0.50
390, 68, -0.4856,  0.00,  0.70313,  1.00, -0.61417,  0.00,  0.7874,  0.00,  0.7085,  0.50
391, 118, -0.48584,  0.35742,  0.70264,  1.00, -0.61417,  0.00,  0.7874,  0.00,  0.7085,  1.00
392, 117, -0.53076,  0.34229,  0.66504,  1.00, -0.66929,  0.00,  0.74016,  0.00,  0.729,  1.00
393, 66, -0.43994,  0.00,  0.73584,  1.00, -0.55906,  0.00,  0.82677,  0.00,  0.6875,  0.50
394, 118, -0.48584,  0.35742,  0.70264,  1.00, -0.61417,  0.00,  0.7874,  0.00,  0.7085,  1.00
395, 68, -0.4856,  0.00,  0.70313,  1.00, -0.61417,  0.00,  0.7874,  0.00,  0.7085,  0.50
396, 66, -0.43994,  0.00,  0.73584,  1.00, -0.55906,  0.00,  0.82677,  0.00,  0.6875,  0.50
397, 119, -0.44019,  0.37061,  0.73584,  1.00, -0.55118,  0.00,  0.83465,  0.00,  0.6875,  1.00
398, 118, -0.48584,  0.35742,  0.70264,  1.00, -0.61417,  0.00,  0.7874,  0.00,  0.7085,  1.00
399, 64, -0.39478,  0.00,  0.76416,  1.00, -0.50394,  0.00,  0.86614,  0.00,  0.6665,  0.50
400, 119, -0.44019,  0.37061,  0.73584,  1.00, -0.55118,  0.00,  0.83465,  0.00,  0.6875,  1.00
401, 66, -0.43994,  0.00,  0.73584,  1.00, -0.55906,  0.00,  0.82677,  0.00,  0.6875,  0.50
402, 64, -0.39478,  0.00,  0.76416,  1.00, -0.50394,  0.00,  0.86614,  0.00,  0.6665,  0.50
403, 120, -0.39478,  0.38159,  0.76416,  1.00, -0.49606,  0.00,  0.86614,  0.00,  0.6665,  1.00
404, 119, -0.44019,  0.37061,  0.73584,  1.00, -0.55118,  0.00,  0.83465,  0.00,  0.6875,  1.00
405, 62, -0.34912,  0.00,  0.78857,  1.00, -0.44094,  0.00,  0.89764,  0.00,  0.646,  0.50
406, 120, -0.39478,  0.38159,  0.76416,  1.00, -0.49606,  0.00,  0.86614,  0.00,  0.6665,  1.00
407, 64, -0.39478,  0.00,  0.76416,  1.00, -0.50394,  0.00,  0.86614,  0.00,  0.6665,  0.50
408, 62, -0.34912,  0.00,  0.78857,  1.00, -0.44094,  0.00,  0.89764,  0.00,  0.646,  0.50
409, 121, -0.34912,  0.39063,  0.78857,  1.00, -0.44094,  0.00,  0.89764,  0.00,  0.646,  1.00
410, 120, -0.39478,  0.38159,  0.76416,  1.00, -0.49606,  0.00,  0.86614,  0.00,  0.6665,  1.00
411, 60, -0.302,  0.00,  0.81006,  1.00, -0.38583,  0.00,  0.92126,  0.00,  0.625,  0.50
412, 121, -0.34912,  0.39063,  0.78857,  1.00, -0.44094,  0.00,  0.89764,  0.00,  0.646,  1.00
413, 62, -0.34912,  0.00,  0.78857,  1.00, -0.44094,  0.00,  0.89764,  0.00,  0.646,  0.50
414, 60, -0.302,  0.00,  0.81006,  1.00, -0.38583,  0.00,  0.92126,  0.00,  0.625,  0.50
415, 122, -0.302,  0.39819,  0.81006,  1.00, -0.37795,  0.00,  0.92126,  0.00,  0.625,  1.00
416, 121, -0.34912,  0.39063,  0.78857,  1.00, -0.44094,  0.00,  0.89764,  0.00,  0.646,  1.00
417, 58, -0.25366,  0.00,  0.82813,  1.00, -0.32283,  0.00,  0.94488,  0.00,  0.604,  0.50
418, 122, -0.302,  0.39819,  0.81006,  1.00, -0.37795,  0.00,  0.92126,  0.00,  0.625,  1.00
419, 60, -0.302,  0.00,  0.81006,  1.00, -0.38583,  0.00,  0.92126,  0.00,  0.625,  0.50
420, 58, -0.25366,  0.00,  0.82813,  1.00, -0.32283,  0.00,  0.94488,  0.00,  0.604,  0.50
421, 123, -0.25366,  0.40479,  0.82813,  1.00, -0.32283,  0.00,  0.94488,  0.00,  0.604,  1.00
422, 122, -0.302,  0.39819,  0.81006,  1.00, -0.37795,  0.00,  0.92126,  0.00,  0.625,  1.00
423, 56, -0.20435,  0.00,  0.84326,  1.00, -0.25984,  0.00,  0.9685,  0.00,  0.5835,  0.50
424, 123, -0.25366,  0.40479,  0.82813,  1.00, -0.32283,  0.00,  0.94488,  0.00,  0.604,  1.00
425, 58, -0.25366,  0.00,  0.82813,  1.00, -0.32283,  0.00,  0.94488,  0.00,  0.604,  0.50
426, 56, -0.20435,  0.00,  0.84326,  1.00, -0.25984,  0.00,  0.9685,  0.00,  0.5835,  0.50
427, 124, -0.20435,  0.41016,  0.84326,  1.00, -0.25984,  0.00,  0.9685,  0.00,  0.5835,  1.00
428, 123, -0.25366,  0.40479,  0.82813,  1.00, -0.32283,  0.00,  0.94488,  0.00,  0.604,  1.00
429, 54, -0.15405,  0.00,  0.85498,  1.00, -0.19685,  0.00,  0.98425,  0.00,  0.5625,  0.50
430, 124, -0.20435,  0.41016,  0.84326,  1.00, -0.25984,  0.00,  0.9685,  0.00,  0.5835,  1.00
431, 56, -0.20435,  0.00,  0.84326,  1.00, -0.25984,  0.00,  0.9685,  0.00,  0.5835,  0.50
432, 54, -0.15405,  0.00,  0.85498,  1.00, -0.19685,  0.00,  0.98425,  0.00,  0.5625,  0.50
433, 125, -0.15405,  0.41431,  0.85498,  1.00, -0.19685,  0.00,  0.98425,  0.00,  0.5625,  1.00
434, 124, -0.20435,  0.41016,  0.84326,  1.00, -0.25984,  0.00,  0.9685,  0.00,  0.5835,  1.00
435, 52, -0.10303,  0.00,  0.86328,  1.00, -0.13386,  0.00,  0.99213,  0.00,  0.5415,  0.50
436, 125, -0.15405,  0.41431,  0.85498,  1.00, -0.19685,  0.00,  0.98425,  0.00,  0.5625,  1.00
437, 54, -0.15405,  0.00,  0.85498,  1.00, -0.19685,  0.00,  0.98425,  0.00,  0.5625,  0.50
438, 52, -0.10303,  0.00,  0.86328,  1.00, -0.13386,  0.00,  0.99213,  0.00,  0.5415,  0.50
439, 126, -0.10303,  0.41724,  0.86328,  1.00, -0.12598,  0.00,  0.99213,  0.00,  0.5415,  1.00
440, 125, -0.15405,  0.41431,  0.85498,  1.00, -0.19685,  0.00,  0.98425,  0.00,  0.5625,  1.00
441, 50, -0.05164,  0.00,  0.86816,  1.00, -0.06299,  0.00,  1.00,  0.00,  0.521,  0.50
442, 126, -0.10303,  0.41724,  0.86328,  1.00, -0.12598,  0.00,  0.99213,  0.00,  0.5415,  1.00
443, 52, -0.10303,  0.00,  0.86328,  1.00, -0.13386,  0.00,  0.99213,  0.00,  0.5415,  0.50
444, 50, -0.05164,  0.00,  0.86816,  1.00, -0.06299,  0.00,  1.00,  0.00,  0.521,  0.50
445, 127, -0.05164,  0.41895,  0.86816,  1.00, -0.06299,  0.00,  1.00,  0.00,  0.521,  1.00
446, 126, -0.10303,  0.41724,  0.86328,  1.00, -0.12598,  0.00,  0.99213,  0.00,  0.5415,  1.00
447, 48, -1.19209E-07,  0.00,  0.87012,  1.00,  0.00,  0.00,  1.00,  0.00,  0.50,  0.50
448, 127, -0.05164,  0.41895,  0.86816,  1.00, -0.06299,  0.00,  1.00,  0.00,  0.521,  1.00
449, 50, -0.05164,  0.00,  0.86816,  1.00, -0.06299,  0.00,  1.00,  0.00,  0.521,  0.50
450, 48, -1.19209E-07,  0.00,  0.87012,  1.00,  0.00,  0.00,  1.00,  0.00,  0.50,  0.50
451, 128, -1.19209E-07,  0.41943,  0.87012,  1.00,  0.00,  0.00,  1.00,  0.00,  0.50,  1.00
452, 127, -0.05164,  0.41895,  0.86816,  1.00, -0.06299,  0.00,  1.00,  0.00,  0.521,  1.00
453, 46,  0.05164,  0.00,  0.86816,  1.00,  0.06299,  0.00,  1.00,  0.00,  0.47925,  0.50
454, 128, -1.19209E-07,  0.41943,  0.87012,  1.00,  0.00,  0.00,  1.00,  0.00,  0.50,  1.00
455, 48, -1.19209E-07,  0.00,  0.87012,  1.00,  0.00,  0.00,  1.00,  0.00,  0.50,  0.50
456, 46,  0.05164,  0.00,  0.86816,  1.00,  0.06299,  0.00,  1.00,  0.00,  0.47925,  0.50
457, 129,  0.05164,  0.4187,  0.86816,  1.00,  0.06299,  0.00,  1.00,  0.00,  0.47925,  1.00
458, 128, -1.19209E-07,  0.41943,  0.87012,  1.00,  0.00,  0.00,  1.00,  0.00,  0.50,  1.00
459, 44,  0.10303,  0.00,  0.86328,  1.00,  0.13386,  0.00,  0.99213,  0.00,  0.45825,  0.50
460, 129,  0.05164,  0.4187,  0.86816,  1.00,  0.06299,  0.00,  1.00,  0.00,  0.47925,  1.00
461, 46,  0.05164,  0.00,  0.86816,  1.00,  0.06299,  0.00,  1.00,  0.00,  0.47925,  0.50
462, 44,  0.10303,  0.00,  0.86328,  1.00,  0.13386,  0.00,  0.99213,  0.00,  0.45825,  0.50
463, 130,  0.10303,  0.41699,  0.86328,  1.00,  0.12598,  0.00,  0.99213,  0.00,  0.45825,  1.00
464, 129,  0.05164,  0.4187,  0.86816,  1.00,  0.06299,  0.00,  1.00,  0.00,  0.47925,  1.00
465, 42,  0.15405,  0.00,  0.85498,  1.00,  0.19685,  0.00,  0.98425,  0.00,  0.4375,  0.50
466, 130,  0.10303,  0.41699,  0.86328,  1.00,  0.12598,  0.00,  0.99213,  0.00,  0.45825,  1.00
467, 44,  0.10303,  0.00,  0.86328,  1.00,  0.13386,  0.00,  0.99213,  0.00,  0.45825,  0.50
468, 42,  0.15405,  0.00,  0.85498,  1.00,  0.19685,  0.00,  0.98425,  0.00,  0.4375,  0.50
469, 131,  0.15405,  0.41382,  0.85498,  1.00,  0.19685,  0.00,  0.98425,  0.00,  0.4375,  1.00
470, 130,  0.10303,  0.41699,  0.86328,  1.00,  0.12598,  0.00,  0.99213,  0.00,  0.45825,  1.00
471, 40,  0.20435,  0.00,  0.84326,  1.00,  0.25984,  0.00,  0.9685,  0.00,  0.41675,  0.50
472, 131,  0.15405,  0.41382,  0.85498,  1.00,  0.19685,  0.00,  0.98425,  0.00,  0.4375,  1.00
473, 42,  0.15405,  0.00,  0.85498,  1.00,  0.19685,  0.00,  0.98425,  0.00,  0.4375,  0.50
474, 40,  0.20435,  0.00,  0.84326,  1.00,  0.25984,  0.00,  0.9685,  0.00,  0.41675,  0.50
475, 132,  0.20435,  0.40967,  0.84326,  1.00,  0.25984,  0.00,  0.9685,  0.00,  0.41675,  1.00
476, 131,  0.15405,  0.41382,  0.85498,  1.00,  0.19685,  0.00,  0.98425,  0.00,  0.4375,  1.00
477, 38,  0.25366,  0.00,  0.82813,  1.00,  0.32283,  0.00,  0.94488,  0.00,  0.39575,  0.50
478, 132,  0.20435,  0.40967,  0.84326,  1.00,  0.25984,  0.00,  0.9685,  0.00,  0.41675,  1.00
479, 40,  0.20435,  0.00,  0.84326,  1.00,  0.25984,  0.00,  0.9685,  0.00,  0.41675,  0.50
480, 38,  0.25366,  0.00,  0.82813,  1.00,  0.32283,  0.00,  0.94488,  0.00,  0.39575,  0.50
481, 133,  0.25366,  0.4043,  0.82813,  1.00,  0.32283,  0.00,  0.94488,  0.00,  0.39575,  1.00
482, 132,  0.20435,  0.40967,  0.84326,  1.00,  0.25984,  0.00,  0.9685,  0.00,  0.41675,  1.00
483, 36,  0.302,  0.00,  0.81006,  1.00,  0.38583,  0.00,  0.92126,  0.00,  0.375,  0.50
484, 133,  0.25366,  0.4043,  0.82813,  1.00,  0.32283,  0.00,  0.94488,  0.00,  0.39575,  1.00
485, 38,  0.25366,  0.00,  0.82813,  1.00,  0.32283,  0.00,  0.94488,  0.00,  0.39575,  0.50
486, 36,  0.302,  0.00,  0.81006,  1.00,  0.38583,  0.00,  0.92126,  0.00,  0.375,  0.50
487, 134,  0.302,  0.39795,  0.81006,  1.00,  0.37795,  0.00,  0.92126,  0.00,  0.375,  1.00
488, 133,  0.25366,  0.4043,  0.82813,  1.00,  0.32283,  0.00,  0.94488,  0.00,  0.39575,  1.00
489, 34,  0.34912,  0.00,  0.78857,  1.00,  0.44094,  0.00,  0.89764,  0.00,  0.35425,  0.50
490, 134,  0.302,  0.39795,  0.81006,  1.00,  0.37795,  0.00,  0.92126,  0.00,  0.375,  1.00
491, 36,  0.302,  0.00,  0.81006,  1.00,  0.38583,  0.00,  0.92126,  0.00,  0.375,  0.50
492, 34,  0.34912,  0.00,  0.78857,  1.00,  0.44094,  0.00,  0.89764,  0.00,  0.35425,  0.50
493, 135,  0.34912,  0.39038,  0.78857,  1.00,  0.44094,  0.00,  0.89764,  0.00,  0.35425,  1.00
494, 134,  0.302,  0.39795,  0.81006,  1.00,  0.37795,  0.00,  0.92126,  0.00,  0.375,  1.00
495, 32,  0.39478,  0.00,  0.76416,  1.00,  0.50394,  0.00,  0.86614,  0.00,  0.33325,  0.50
496, 135,  0.34912,  0.39038,  0.78857,  1.00,  0.44094,  0.00,  0.89764,  0.00,  0.35425,  1.00
497, 34,  0.34912,  0.00,  0.78857,  1.00,  0.44094,  0.00,  0.89764,  0.00,  0.35425,  0.50
498, 32,  0.39478,  0.00,  0.76416,  1.00,  0.50394,  0.00,  0.86614,  0.00,  0.33325,  0.50
499, 136,  0.39478,  0.38159,  0.76416,  1.00,  0.49606,  0.00,  0.86614,  0.00,  0.33325,  1.00
500, 135,  0.34912,  0.39038,  0.78857,  1.00,  0.44094,  0.00,  0.89764,  0.00,  0.35425,  1.00
501, 30,  0.43994,  0.00,  0.73633,  1.00,  0.55906,  0.00,  0.82677,  0.00,  0.3125,  0.50
502, 136,  0.39478,  0.38159,  0.76416,  1.00,  0.49606,  0.00,  0.86614,  0.00,  0.33325,  1.00
503, 32,  0.39478,  0.00,  0.76416,  1.00,  0.50394,  0.00,  0.86614,  0.00,  0.33325,  0.50
504, 30,  0.43994,  0.00,  0.73633,  1.00,  0.55906,  0.00,  0.82677,  0.00,  0.3125,  0.50
505, 137,  0.43994,  0.37109,  0.73584,  1.00,  0.55118,  0.00,  0.83465,  0.00,  0.3125,  1.00
506, 136,  0.39478,  0.38159,  0.76416,  1.00,  0.49606,  0.00,  0.86614,  0.00,  0.33325,  1.00
507, 28,  0.48535,  0.00,  0.70313,  1.00,  0.61417,  0.00,  0.7874,  0.00,  0.29175,  0.50
508, 137,  0.43994,  0.37109,  0.73584,  1.00,  0.55118,  0.00,  0.83465,  0.00,  0.3125,  1.00
509, 30,  0.43994,  0.00,  0.73633,  1.00,  0.55906,  0.00,  0.82677,  0.00,  0.3125,  0.50
510, 28,  0.48535,  0.00,  0.70313,  1.00,  0.61417,  0.00,  0.7874,  0.00,  0.29175,  0.50
511, 138,  0.48584,  0.35815,  0.70313,  1.00,  0.61417,  0.00,  0.7874,  0.00,  0.29175,  1.00
512, 137,  0.43994,  0.37109,  0.73584,  1.00,  0.55118,  0.00,  0.83465,  0.00,  0.3125,  1.00
513, 26,  0.52979,  0.00,  0.66553,  1.00,  0.66929,  0.00,  0.74016,  0.00,  0.27075,  0.50
514, 138,  0.48584,  0.35815,  0.70313,  1.00,  0.61417,  0.00,  0.7874,  0.00,  0.29175,  1.00
515, 28,  0.48535,  0.00,  0.70313,  1.00,  0.61417,  0.00,  0.7874,  0.00,  0.29175,  0.50
516, 26,  0.52979,  0.00,  0.66553,  1.00,  0.66929,  0.00,  0.74016,  0.00,  0.27075,  0.50
517, 139,  0.53076,  0.34351,  0.66504,  1.00,  0.66929,  0.00,  0.74803,  0.00,  0.27075,  1.00
518, 138,  0.48584,  0.35815,  0.70313,  1.00,  0.61417,  0.00,  0.7874,  0.00,  0.29175,  1.00
519, 24,  0.57275,  0.00,  0.62402,  1.00,  0.72441,  0.00,  0.68504,  0.00,  0.25,  0.50
520, 139,  0.53076,  0.34351,  0.66504,  1.00,  0.66929,  0.00,  0.74803,  0.00,  0.27075,  1.00
521, 26,  0.52979,  0.00,  0.66553,  1.00,  0.66929,  0.00,  0.74016,  0.00,  0.27075,  0.50
522, 24,  0.57275,  0.00,  0.62402,  1.00,  0.72441,  0.00,  0.68504,  0.00,  0.25,  0.50
523, 140,  0.57373,  0.3269,  0.62256,  1.00,  0.72441,  0.00,  0.69291,  0.00,  0.25,  1.00
524, 139,  0.53076,  0.34351,  0.66504,  1.00,  0.66929,  0.00,  0.74803,  0.00,  0.27075,  1.00
525, 22,  0.61279,  0.00,  0.57861,  1.00,  0.77953,  0.00,  0.62992,  0.00,  0.22913,  0.50
526, 140,  0.57373,  0.3269,  0.62256,  1.00,  0.72441,  0.00,  0.69291,  0.00,  0.25,  1.00
527, 24,  0.57275,  0.00,  0.62402,  1.00,  0.72441,  0.00,  0.68504,  0.00,  0.25,  0.50
528, 22,  0.61279,  0.00,  0.57861,  1.00,  0.77953,  0.00,  0.62992,  0.00,  0.22913,  0.50
529, 141,  0.61426,  0.30884,  0.57666,  1.00,  0.77165,  0.00,  0.62992,  0.00,  0.22913,  1.00
530, 140,  0.57373,  0.3269,  0.62256,  1.00,  0.72441,  0.00,  0.69291,  0.00,  0.25,  1.00
531, 20,  0.64941,  0.00,  0.52979,  1.00,  0.8189,  0.00,  0.56693,  0.00,  0.20837,  0.50
532, 141,  0.61426,  0.30884,  0.57666,  1.00,  0.77165,  0.00,  0.62992,  0.00,  0.22913,  1.00
533, 22,  0.61279,  0.00,  0.57861,  1.00,  0.77953,  0.00,  0.62992,  0.00,  0.22913,  0.50
534, 20,  0.64941,  0.00,  0.52979,  1.00,  0.8189,  0.00,  0.56693,  0.00,  0.20837,  0.50
535, 142,  0.65088,  0.28931,  0.52734,  1.00,  0.8189,  0.00,  0.5748,  0.00,  0.20837,  1.00
536, 141,  0.61426,  0.30884,  0.57666,  1.00,  0.77165,  0.00,  0.62992,  0.00,  0.22913,  1.00
537, 18,  0.68164,  0.00,  0.47876,  1.00,  0.86614,  0.00,  0.50394,  0.00,  0.1875,  0.50
538, 142,  0.65088,  0.28931,  0.52734,  1.00,  0.8189,  0.00,  0.5748,  0.00,  0.20837,  1.00
539, 20,  0.64941,  0.00,  0.52979,  1.00,  0.8189,  0.00,  0.56693,  0.00,  0.20837,  0.50
540, 18,  0.68164,  0.00,  0.47876,  1.00,  0.86614,  0.00,  0.50394,  0.00,  0.1875,  0.50
541, 143,  0.68359,  0.26904,  0.47534,  1.00,  0.85827,  0.00,  0.50394,  0.00,  0.1875,  1.00
542, 142,  0.65088,  0.28931,  0.52734,  1.00,  0.8189,  0.00,  0.5748,  0.00,  0.20837,  1.00
543, 16,  0.70947,  0.00,  0.42651,  1.00,  0.89764,  0.00,  0.44094,  0.00,  0.16663,  0.50
544, 143,  0.68359,  0.26904,  0.47534,  1.00,  0.85827,  0.00,  0.50394,  0.00,  0.1875,  1.00
545, 18,  0.68164,  0.00,  0.47876,  1.00,  0.86614,  0.00,  0.50394,  0.00,  0.1875,  0.50
546, 16,  0.70947,  0.00,  0.42651,  1.00,  0.89764,  0.00,  0.44094,  0.00,  0.16663,  0.50
547, 144,  0.71143,  0.24805,  0.42236,  1.00,  0.89764,  0.00,  0.44094,  0.00,  0.16663,  1.00
548, 143,  0.68359,  0.26904,  0.47534,  1.00,  0.85827,  0.00,  0.50394,  0.00,  0.1875,  1.00
549, 14,  0.73291,  0.00,  0.37378,  1.00,  0.92913,  0.00,  0.37008,  0.00,  0.14587,  0.50
550, 144,  0.71143,  0.24805,  0.42236,  1.00,  0.89764,  0.00,  0.44094,  0.00,  0.16663,  1.00
551, 16,  0.70947,  0.00,  0.42651,  1.00,  0.89764,  0.00,  0.44094,  0.00,  0.16663,  0.50
552, 14,  0.73291,  0.00,  0.37378,  1.00,  0.92913,  0.00,  0.37008,  0.00,  0.14587,  0.50
553, 145,  0.73486,  0.22644,  0.36914,  1.00,  0.92913,  0.00,  0.37008,  0.00,  0.14587,  1.00
554, 144,  0.71143,  0.24805,  0.42236,  1.00,  0.89764,  0.00,  0.44094,  0.00,  0.16663,  1.00
555, 12,  0.75146,  0.00,  0.32178,  1.00,  0.95276,  0.00,  0.30709,  0.00,  0.125,  0.50
556, 145,  0.73486,  0.22644,  0.36914,  1.00,  0.92913,  0.00,  0.37008,  0.00,  0.14587,  1.00
557, 14,  0.73291,  0.00,  0.37378,  1.00,  0.92913,  0.00,  0.37008,  0.00,  0.14587,  0.50
558, 12,  0.75146,  0.00,  0.32178,  1.00,  0.95276,  0.00,  0.30709,  0.00,  0.125,  0.50
559, 146,  0.75342,  0.20471,  0.31689,  1.00,  0.95276,  0.00,  0.30709,  0.00,  0.125,  1.00
560, 145,  0.73486,  0.22644,  0.36914,  1.00,  0.92913,  0.00,  0.37008,  0.00,  0.14587,  1.00
561, 10,  0.76611, -5.96046E-08,  0.27148,  1.00,  0.9685,  0.00,  0.24409,  0.00,  0.10419,  0.50
562, 146,  0.75342,  0.20471,  0.31689,  1.00,  0.95276,  0.00,  0.30709,  0.00,  0.125,  1.00
563, 12,  0.75146,  0.00,  0.32178,  1.00,  0.95276,  0.00,  0.30709,  0.00,  0.125,  0.50
564, 10,  0.76611, -5.96046E-08,  0.27148,  1.00,  0.9685,  0.00,  0.24409,  0.00,  0.10419,  0.50
565, 147,  0.76709,  0.18286,  0.26636,  1.00,  0.9685,  0.00,  0.24409,  0.00,  0.10419,  1.00
566, 146,  0.75342,  0.20471,  0.31689,  1.00,  0.95276,  0.00,  0.30709,  0.00,  0.125,  1.00
567, 8,  0.77637, -5.96046E-08,  0.22424,  1.00,  0.98425,  0.00,  0.1811,  0.00,  0.08331,  0.50
568, 147,  0.76709,  0.18286,  0.26636,  1.00,  0.9685,  0.00,  0.24409,  0.00,  0.10419,  1.00
569, 10,  0.76611, -5.96046E-08,  0.27148,  1.00,  0.9685,  0.00,  0.24409,  0.00,  0.10419,  0.50
570, 8,  0.77637, -5.96046E-08,  0.22424,  1.00,  0.98425,  0.00,  0.1811,  0.00,  0.08331,  0.50
571, 148,  0.77734,  0.16138,  0.21924,  1.00,  0.98425,  0.00,  0.1811,  0.00,  0.08331,  1.00
572, 147,  0.76709,  0.18286,  0.26636,  1.00,  0.9685,  0.00,  0.24409,  0.00,  0.10419,  1.00
573, 6,  0.7832, -5.96046E-08,  0.18054,  1.00,  0.99213,  0.00,  0.12598,  0.00,  0.0625,  0.50
574, 148,  0.77734,  0.16138,  0.21924,  1.00,  0.98425,  0.00,  0.1811,  0.00,  0.08331,  1.00
575, 8,  0.77637, -5.96046E-08,  0.22424,  1.00,  0.98425,  0.00,  0.1811,  0.00,  0.08331,  0.50
576, 6,  0.7832, -5.96046E-08,  0.18054,  1.00,  0.99213,  0.00,  0.12598,  0.00,  0.0625,  0.50
577, 149,  0.78369,  0.14038,  0.17615,  1.00,  0.99213,  0.00,  0.13386,  0.00,  0.0625,  1.00
578, 148,  0.77734,  0.16138,  0.21924,  1.00,  0.98425,  0.00,  0.1811,  0.00,  0.08331,  1.00
579, 4,  0.78711, -5.96046E-08,  0.14148,  1.00,  1.00,  0.00,  0.07874,  0.00,  0.04166,  0.50
580, 149,  0.78369,  0.14038,  0.17615,  1.00,  0.99213,  0.00,  0.13386,  0.00,  0.0625,  1.00
581, 6,  0.7832, -5.96046E-08,  0.18054,  1.00,  0.99213,  0.00,  0.12598,  0.00,  0.0625,  0.50
582, 4,  0.78711, -5.96046E-08,  0.14148,  1.00,  1.00,  0.00,  0.07874,  0.00,  0.04166,  0.50
583, 150,  0.78711,  0.12024,  0.13806,  1.00,  1.00,  0.00,  0.07874,  0.00,  0.04166,  1.00
584, 149,  0.78369,  0.14038,  0.17615,  1.00,  0.99213,  0.00,  0.13386,  0.00,  0.0625,  1.00
585, 2,  0.78906, -5.96046E-08,  0.10797,  1.00,  1.00,  0.00,  0.03937,  0.00,  0.02083,  0.50
586, 150,  0.78711,  0.12024,  0.13806,  1.00,  1.00,  0.00,  0.07874,  0.00,  0.04166,  1.00
587, 4,  0.78711, -5.96046E-08,  0.14148,  1.00,  1.00,  0.00,  0.07874,  0.00,  0.04166,  0.50
588, 2,  0.78906, -5.96046E-08,  0.10797,  1.00,  1.00,  0.00,  0.03937,  0.00,  0.02083,  0.50
589, 151,  0.78906,  0.10101,  0.10596,  1.00,  1.00,  0.00,  0.03937,  0.00,  0.02083,  1.00
590, 150,  0.78711,  0.12024,  0.13806,  1.00,  1.00,  0.00,  0.07874,  0.00,  0.04166,  1.00
591, 1,  0.78955, -5.96046E-08,  0.08063,  1.00,  1.00,  0.00,  0.01575,  0.00,  0.00,  0.50
592, 151,  0.78906,  0.10101,  0.10596,  1.00,  1.00,  0.00,  0.03937,  0.00,  0.02083,  1.00
593, 2,  0.78906, -5.96046E-08,  0.10797,  1.00,  1.00,  0.00,  0.03937,  0.00,  0.02083,  0.50
594, 1,  0.78955, -5.96046E-08,  0.08063,  1.00,  1.00,  0.00,  0.01575,  0.00,  0.00,  0.50
595, 152,  0.78955,  0.08313,  0.08063,  1.00,  1.00,  0.00,  0.01575,  0.00,  0.00,  1.00
596, 151,  0.78906,  0.10101,  0.10596,  1.00,  1.00,  0.00,  0.03937,  0.00,  0.02083,  1.00
597, 3,  0.78906, -0.10101,  0.10596,  1.00,  1.00,  0.00,  0.03937,  0.00,  0.02083,  0.00
598, 153,  0.78906, -0.15002,  0.10596,  1.00,  1.00,  0.00,  0.01575,  0.00,  0.02083, -0.21069
599, 154,  0.78955, -0.12817,  0.08063,  1.00,  1.00,  0.00,  0.01575,  0.00,  0.00, -0.21069
600, 3,  0.78906, -0.10101,  0.10596,  1.00,  1.00,  0.00,  0.03937,  0.00,  0.02083,  0.00
601, 154,  0.78955, -0.12817,  0.08063,  1.00,  1.00,  0.00,  0.01575,  0.00,  0.00, -0.21069
602, 0,  0.78955, -0.08313,  0.08063,  1.00,  1.00,  0.00,  0.01575,  0.00,  0.00,  0.00
603, 5,  0.78711, -0.12024,  0.13806,  1.00,  1.00,  0.00,  0.07874,  0.00,  0.04166,  0.00
604, 153,  0.78906, -0.15002,  0.10596,  1.00,  1.00,  0.00,  0.01575,  0.00,  0.02083, -0.21069
605, 3,  0.78906, -0.10101,  0.10596,  1.00,  1.00,  0.00,  0.03937,  0.00,  0.02083,  0.00
606, 5,  0.78711, -0.12024,  0.13806,  1.00,  1.00,  0.00,  0.07874,  0.00,  0.04166,  0.00
607, 155,  0.78711, -0.17419,  0.13806,  1.00,  1.00,  0.00,  0.05512,  0.00,  0.04166, -0.21069
608, 153,  0.78906, -0.15002,  0.10596,  1.00,  1.00,  0.00,  0.01575,  0.00,  0.02083, -0.21069
609, 7,  0.78369, -0.14038,  0.17615,  1.00,  0.99213,  0.00,  0.13386,  0.00,  0.0625,  0.00
610, 155,  0.78711, -0.17419,  0.13806,  1.00,  1.00,  0.00,  0.05512,  0.00,  0.04166, -0.21069
611, 5,  0.78711, -0.12024,  0.13806,  1.00,  1.00,  0.00,  0.07874,  0.00,  0.04166,  0.00
612, 7,  0.78369, -0.14038,  0.17615,  1.00,  0.99213,  0.00,  0.13386,  0.00,  0.0625,  0.00
613, 156,  0.78369, -0.20044,  0.17615,  1.00,  0.99213,  0.00,  0.09449,  0.00,  0.0625, -0.21069
614, 155,  0.78711, -0.17419,  0.13806,  1.00,  1.00,  0.00,  0.05512,  0.00,  0.04166, -0.21069
615, 9,  0.77734, -0.16138,  0.21924,  1.00,  0.98425,  0.00,  0.18898,  0.00,  0.08331,  0.00
616, 157,  0.78369, -0.20044,  0.17615,  1.00,  0.99213,  0.00,  0.14961,  0.00,  0.0625, -0.21069
617, 7,  0.78369, -0.14038,  0.17615,  1.00,  0.99213,  0.00,  0.13386,  0.00,  0.0625,  0.00
618, 9,  0.77734, -0.16138,  0.21924,  1.00,  0.98425,  0.00,  0.18898,  0.00,  0.08331,  0.00
619, 158,  0.77734, -0.22815,  0.21924,  1.00,  0.99213,  0.00,  0.14961,  0.00,  0.08331, -0.21069
620, 157,  0.78369, -0.20044,  0.17615,  1.00,  0.99213,  0.00,  0.14961,  0.00,  0.0625, -0.21069
621, 11,  0.76709, -0.18286,  0.26636,  1.00,  0.9685,  0.00,  0.24409,  0.00,  0.10419,  0.00
622, 159,  0.77734, -0.22815,  0.21924,  1.00,  0.97638,  0.00,  0.20472,  0.00,  0.08331, -0.21069
623, 9,  0.77734, -0.16138,  0.21924,  1.00,  0.98425,  0.00,  0.18898,  0.00,  0.08331,  0.00
624, 11,  0.76709, -0.18286,  0.26636,  1.00,  0.9685,  0.00,  0.24409,  0.00,  0.10419,  0.00
625, 160,  0.76709, -0.25708,  0.26636,  1.00,  0.97638,  0.00,  0.20472,  0.00,  0.10419, -0.21069
626, 159,  0.77734, -0.22815,  0.21924,  1.00,  0.97638,  0.00,  0.20472,  0.00,  0.08331, -0.21069
627, 13,  0.75342, -0.20471,  0.31689,  1.00,  0.95276,  0.00,  0.30709,  0.00,  0.125,  0.00
628, 161,  0.76709, -0.25708,  0.26636,  1.00,  0.96063,  0.00,  0.26772,  0.00,  0.10419, -0.21069
629, 11,  0.76709, -0.18286,  0.26636,  1.00,  0.9685,  0.00,  0.24409,  0.00,  0.10419,  0.00
630, 13,  0.75342, -0.20471,  0.31689,  1.00,  0.95276,  0.00,  0.30709,  0.00,  0.125,  0.00
631, 162,  0.75342, -0.28662,  0.31689,  1.00,  0.96063,  0.00,  0.26772,  0.00,  0.125, -0.21069
632, 161,  0.76709, -0.25708,  0.26636,  1.00,  0.96063,  0.00,  0.26772,  0.00,  0.10419, -0.21069
633, 15,  0.73486, -0.22644,  0.36914,  1.00,  0.92913,  0.00,  0.37795,  0.00,  0.14587,  0.00
634, 163,  0.75342, -0.28662,  0.31689,  1.00,  0.94488,  0.00,  0.33071,  0.00,  0.125, -0.21069
635, 13,  0.75342, -0.20471,  0.31689,  1.00,  0.95276,  0.00,  0.30709,  0.00,  0.125,  0.00
636, 15,  0.73486, -0.22644,  0.36914,  1.00,  0.92913,  0.00,  0.37795,  0.00,  0.14587,  0.00
637, 164,  0.73486, -0.31665,  0.36914,  1.00,  0.94488,  0.00,  0.33071,  0.00,  0.14587, -0.21069
638, 163,  0.75342, -0.28662,  0.31689,  1.00,  0.94488,  0.00,  0.33071,  0.00,  0.125, -0.21069
639, 17,  0.71143, -0.24805,  0.42236,  1.00,  0.89764,  0.00,  0.44094,  0.00,  0.16663,  0.00
640, 165,  0.73486, -0.31665,  0.36914,  1.00,  0.91339,  0.00,  0.40157,  0.00,  0.14587, -0.21069
641, 15,  0.73486, -0.22644,  0.36914,  1.00,  0.92913,  0.00,  0.37795,  0.00,  0.14587,  0.00
642, 17,  0.71143, -0.24805,  0.42236,  1.00,  0.89764,  0.00,  0.44094,  0.00,  0.16663,  0.00
643, 166,  0.71143, -0.34668,  0.42236,  1.00,  0.91339,  0.00,  0.40157,  0.00,  0.16663, -0.21069
644, 165,  0.73486, -0.31665,  0.36914,  1.00,  0.91339,  0.00,  0.40157,  0.00,  0.14587, -0.21069
645, 19,  0.68359, -0.26904,  0.47534,  1.00,  0.85827,  0.00,  0.50394,  0.00,  0.1875,  0.00
646, 167,  0.71143, -0.34668,  0.42236,  1.00,  0.88189,  0.00,  0.46457,  0.00,  0.16663, -0.21069
647, 17,  0.71143, -0.24805,  0.42236,  1.00,  0.89764,  0.00,  0.44094,  0.00,  0.16663,  0.00
648, 19,  0.68359, -0.26904,  0.47534,  1.00,  0.85827,  0.00,  0.50394,  0.00,  0.1875,  0.00
649, 168,  0.68359, -0.37598,  0.47534,  1.00,  0.88189,  0.00,  0.46457,  0.00,  0.1875, -0.21069
650, 167,  0.71143, -0.34668,  0.42236,  1.00,  0.88189,  0.00,  0.46457,  0.00,  0.16663, -0.21069
651, 21,  0.65088, -0.28931,  0.52734,  1.00,  0.8189,  0.00,  0.5748,  0.00,  0.20837,  0.00
652, 169,  0.68359, -0.37598,  0.47534,  1.00,  0.84252,  0.00,  0.53543,  0.00,  0.1875, -0.21069
653, 19,  0.68359, -0.26904,  0.47534,  1.00,  0.85827,  0.00,  0.50394,  0.00,  0.1875,  0.00
654, 21,  0.65088, -0.28931,  0.52734,  1.00,  0.8189,  0.00,  0.5748,  0.00,  0.20837,  0.00
655, 170,  0.65088, -0.4043,  0.52734,  1.00,  0.84252,  0.00,  0.53543,  0.00,  0.20837, -0.21069
656, 169,  0.68359, -0.37598,  0.47534,  1.00,  0.84252,  0.00,  0.53543,  0.00,  0.1875, -0.21069
657, 23,  0.61426, -0.30884,  0.57666,  1.00,  0.77165,  0.00,  0.6378,  0.00,  0.22913,  0.00
658, 171,  0.65088, -0.4043,  0.52734,  1.00,  0.80315,  0.00,  0.59843,  0.00,  0.20837, -0.21069
659, 21,  0.65088, -0.28931,  0.52734,  1.00,  0.8189,  0.00,  0.5748,  0.00,  0.20837,  0.00
660, 23,  0.61426, -0.30884,  0.57666,  1.00,  0.77165,  0.00,  0.6378,  0.00,  0.22913,  0.00
661, 172,  0.61426, -0.4314,  0.57666,  1.00,  0.80315,  0.00,  0.59843,  0.00,  0.22913, -0.21069
662, 171,  0.65088, -0.4043,  0.52734,  1.00,  0.80315,  0.00,  0.59843,  0.00,  0.20837, -0.21069
663, 25,  0.57373, -0.3269,  0.62256,  1.00,  0.72441,  0.00,  0.69291,  0.00,  0.25,  0.00
664, 173,  0.61426, -0.4314,  0.57666,  1.00,  0.75591,  0.00,  0.66142,  0.00,  0.22913, -0.21069
665, 23,  0.61426, -0.30884,  0.57666,  1.00,  0.77165,  0.00,  0.6378,  0.00,  0.22913,  0.00
666, 25,  0.57373, -0.3269,  0.62256,  1.00,  0.72441,  0.00,  0.69291,  0.00,  0.25,  0.00
667, 174,  0.57373, -0.45679,  0.62256,  1.00,  0.75591,  0.00,  0.66142,  0.00,  0.25, -0.21069
668, 173,  0.61426, -0.4314,  0.57666,  1.00,  0.75591,  0.00,  0.66142,  0.00,  0.22913, -0.21069
669, 27,  0.53076, -0.34351,  0.66504,  1.00,  0.66929,  0.00,  0.74803,  0.00,  0.27075,  0.00
670, 175,  0.57373, -0.45679,  0.62256,  1.00,  0.70079,  0.00,  0.71654,  0.00,  0.25, -0.21069
671, 25,  0.57373, -0.3269,  0.62256,  1.00,  0.72441,  0.00,  0.69291,  0.00,  0.25,  0.00
672, 27,  0.53076, -0.34351,  0.66504,  1.00,  0.66929,  0.00,  0.74803,  0.00,  0.27075,  0.00
673, 176,  0.53076, -0.47998,  0.66504,  1.00,  0.70079,  0.00,  0.71654,  0.00,  0.27075, -0.21069
674, 175,  0.57373, -0.45679,  0.62256,  1.00,  0.70079,  0.00,  0.71654,  0.00,  0.25, -0.21069
675, 29,  0.48584, -0.35815,  0.70313,  1.00,  0.61417,  0.00,  0.7874,  0.00,  0.29175,  0.00
676, 177,  0.53076, -0.47998,  0.66504,  1.00,  0.64567,  0.00,  0.76378,  0.00,  0.27075, -0.21069
677, 27,  0.53076, -0.34351,  0.66504,  1.00,  0.66929,  0.00,  0.74803,  0.00,  0.27075,  0.00
678, 29,  0.48584, -0.35815,  0.70313,  1.00,  0.61417,  0.00,  0.7874,  0.00,  0.29175,  0.00
679, 178,  0.48584, -0.50049,  0.70313,  1.00,  0.64567,  0.00,  0.76378,  0.00,  0.29175, -0.21069
680, 177,  0.53076, -0.47998,  0.66504,  1.00,  0.64567,  0.00,  0.76378,  0.00,  0.27075, -0.21069
681, 31,  0.43994, -0.37109,  0.73584,  1.00,  0.55118,  0.00,  0.83465,  0.00,  0.3125,  0.00
682, 179,  0.48584, -0.50049,  0.70313,  1.00,  0.59055,  0.00,  0.81102,  0.00,  0.29175, -0.21069
683, 29,  0.48584, -0.35815,  0.70313,  1.00,  0.61417,  0.00,  0.7874,  0.00,  0.29175,  0.00
684, 31,  0.43994, -0.37109,  0.73584,  1.00,  0.55118,  0.00,  0.83465,  0.00,  0.3125,  0.00
685, 180,  0.43994, -0.51855,  0.73584,  1.00,  0.59055,  0.00,  0.81102,  0.00,  0.3125, -0.21069
686, 179,  0.48584, -0.50049,  0.70313,  1.00,  0.59055,  0.00,  0.81102,  0.00,  0.29175, -0.21069
687, 33,  0.39478, -0.38159,  0.76416,  1.00,  0.49606,  0.00,  0.86614,  0.00,  0.33325,  0.00
688, 181,  0.43994, -0.51855,  0.73584,  1.00,  0.52756,  0.00,  0.85039,  0.00,  0.3125, -0.21069
689, 31,  0.43994, -0.37109,  0.73584,  1.00,  0.55118,  0.00,  0.83465,  0.00,  0.3125,  0.00
690, 33,  0.39478, -0.38159,  0.76416,  1.00,  0.49606,  0.00,  0.86614,  0.00,  0.33325,  0.00
691, 182,  0.39478, -0.53369,  0.76416,  1.00,  0.52756,  0.00,  0.85039,  0.00,  0.33325, -0.21069
692, 181,  0.43994, -0.51855,  0.73584,  1.00,  0.52756,  0.00,  0.85039,  0.00,  0.3125, -0.21069
693, 35,  0.34912, -0.39038,  0.78857,  1.00,  0.44094,  0.00,  0.89764,  0.00,  0.35425,  0.00
694, 183,  0.39478, -0.53369,  0.76416,  1.00,  0.47244,  0.00,  0.88189,  0.00,  0.33325, -0.21069
695, 33,  0.39478, -0.38159,  0.76416,  1.00,  0.49606,  0.00,  0.86614,  0.00,  0.33325,  0.00
696, 35,  0.34912, -0.39038,  0.78857,  1.00,  0.44094,  0.00,  0.89764,  0.00,  0.35425,  0.00
697, 184,  0.34912, -0.54639,  0.78857,  1.00,  0.47244,  0.00,  0.88189,  0.00,  0.35425, -0.21069
698, 183,  0.39478, -0.53369,  0.76416,  1.00,  0.47244,  0.00,  0.88189,  0.00,  0.33325, -0.21069
699, 37,  0.302, -0.39795,  0.81006,  1.00,  0.37795,  0.00,  0.92126,  0.00,  0.375,  0.00
700, 185,  0.34912, -0.54639,  0.78857,  1.00,  0.40945,  0.00,  0.91339,  0.00,  0.35425, -0.21069
701, 35,  0.34912, -0.39038,  0.78857,  1.00,  0.44094,  0.00,  0.89764,  0.00,  0.35425,  0.00
702, 37,  0.302, -0.39795,  0.81006,  1.00,  0.37795,  0.00,  0.92126,  0.00,  0.375,  0.00
703, 186,  0.302, -0.55713,  0.81006,  1.00,  0.40945,  0.00,  0.91339,  0.00,  0.375, -0.21069
704, 185,  0.34912, -0.54639,  0.78857,  1.00,  0.40945,  0.00,  0.91339,  0.00,  0.35425, -0.21069
705, 39,  0.25366, -0.4043,  0.82813,  1.00,  0.32283,  0.00,  0.94488,  0.00,  0.39575,  0.00
706, 187,  0.302, -0.55713,  0.81006,  1.00,  0.35433,  0.00,  0.93701,  0.00,  0.375, -0.21069
707, 37,  0.302, -0.39795,  0.81006,  1.00,  0.37795,  0.00,  0.92126,  0.00,  0.375,  0.00
708, 39,  0.25366, -0.4043,  0.82813,  1.00,  0.32283,  0.00,  0.94488,  0.00,  0.39575,  0.00
709, 188,  0.25366, -0.56641,  0.82813,  1.00,  0.35433,  0.00,  0.93701,  0.00,  0.39575, -0.21069
710, 187,  0.302, -0.55713,  0.81006,  1.00,  0.35433,  0.00,  0.93701,  0.00,  0.375, -0.21069
711, 41,  0.20435, -0.40967,  0.84326,  1.00,  0.25984,  0.00,  0.9685,  0.00,  0.41675,  0.00
712, 189,  0.25366, -0.56641,  0.82813,  1.00,  0.29134,  0.00,  0.96063,  0.00,  0.39575, -0.21069
713, 39,  0.25366, -0.4043,  0.82813,  1.00,  0.32283,  0.00,  0.94488,  0.00,  0.39575,  0.00
714, 41,  0.20435, -0.40967,  0.84326,  1.00,  0.25984,  0.00,  0.9685,  0.00,  0.41675,  0.00
715, 190,  0.20435, -0.57422,  0.84326,  1.00,  0.29134,  0.00,  0.96063,  0.00,  0.41675, -0.21069
716, 189,  0.25366, -0.56641,  0.82813,  1.00,  0.29134,  0.00,  0.96063,  0.00,  0.39575, -0.21069
717, 43,  0.15405, -0.41382,  0.85498,  1.00,  0.19685,  0.00,  0.98425,  0.00,  0.4375,  0.00
718, 191,  0.20435, -0.57422,  0.84326,  1.00,  0.22835,  0.00,  0.97638,  0.00,  0.41675, -0.21069
719, 41,  0.20435, -0.40967,  0.84326,  1.00,  0.25984,  0.00,  0.9685,  0.00,  0.41675,  0.00
720, 43,  0.15405, -0.41382,  0.85498,  1.00,  0.19685,  0.00,  0.98425,  0.00,  0.4375,  0.00
721, 192,  0.15405, -0.58008,  0.85498,  1.00,  0.22835,  0.00,  0.97638,  0.00,  0.4375, -0.21069
722, 191,  0.20435, -0.57422,  0.84326,  1.00,  0.22835,  0.00,  0.97638,  0.00,  0.41675, -0.21069
723, 45,  0.10303, -0.41699,  0.86328,  1.00,  0.12598,  0.00,  0.99213,  0.00,  0.45825,  0.00
724, 193,  0.15405, -0.58008,  0.85498,  1.00,  0.16535,  0.00,  0.98425,  0.00,  0.4375, -0.21069
725, 43,  0.15405, -0.41382,  0.85498,  1.00,  0.19685,  0.00,  0.98425,  0.00,  0.4375,  0.00
726, 45,  0.10303, -0.41699,  0.86328,  1.00,  0.12598,  0.00,  0.99213,  0.00,  0.45825,  0.00
727, 194,  0.10303, -0.58447,  0.86328,  1.00,  0.16535,  0.00,  0.98425,  0.00,  0.45825, -0.21069
728, 193,  0.15405, -0.58008,  0.85498,  1.00,  0.16535,  0.00,  0.98425,  0.00,  0.4375, -0.21069
729, 47,  0.05164, -0.4187,  0.86816,  1.00,  0.06299,  0.00,  1.00,  0.00,  0.47925,  0.00
730, 195,  0.10303, -0.58447,  0.86328,  1.00,  0.09449,  0.00,  0.99213,  0.00,  0.45825, -0.21069
731, 45,  0.10303, -0.41699,  0.86328,  1.00,  0.12598,  0.00,  0.99213,  0.00,  0.45825,  0.00
732, 47,  0.05164, -0.4187,  0.86816,  1.00,  0.06299,  0.00,  1.00,  0.00,  0.47925,  0.00
733, 196,  0.05164, -0.58691,  0.86816,  1.00,  0.09449,  0.00,  0.99213,  0.00,  0.47925, -0.21069
734, 195,  0.10303, -0.58447,  0.86328,  1.00,  0.09449,  0.00,  0.99213,  0.00,  0.45825, -0.21069
735, 49, -1.19209E-07, -0.41943,  0.87012,  1.00,  0.00,  0.00,  1.00,  0.00,  0.50,  0.00
736, 197,  0.05164, -0.58691,  0.86816,  1.00,  0.0315,  0.00,  1.00,  0.00,  0.47925, -0.21069
737, 47,  0.05164, -0.4187,  0.86816,  1.00,  0.06299,  0.00,  1.00,  0.00,  0.47925,  0.00
738, 49, -1.19209E-07, -0.41943,  0.87012,  1.00,  0.00,  0.00,  1.00,  0.00,  0.50,  0.00
739, 198, -1.19209E-07, -0.58789,  0.87012,  1.00,  0.0315,  0.00,  1.00,  0.00,  0.50, -0.21069
740, 197,  0.05164, -0.58691,  0.86816,  1.00,  0.0315,  0.00,  1.00,  0.00,  0.47925, -0.21069
741, 51, -0.05164, -0.41895,  0.86816,  1.00, -0.06299,  0.00,  1.00,  0.00,  0.521,  0.00
742, 199, -1.19209E-07, -0.58789,  0.87012,  1.00, -0.0315,  0.00,  1.00,  0.00,  0.50, -0.21069
743, 49, -1.19209E-07, -0.41943,  0.87012,  1.00,  0.00,  0.00,  1.00,  0.00,  0.50,  0.00
744, 51, -0.05164, -0.41895,  0.86816,  1.00, -0.06299,  0.00,  1.00,  0.00,  0.521,  0.00
745, 200, -0.05164, -0.5874,  0.86816,  1.00, -0.0315,  0.00,  1.00,  0.00,  0.521, -0.21069
746, 199, -1.19209E-07, -0.58789,  0.87012,  1.00, -0.0315,  0.00,  1.00,  0.00,  0.50, -0.21069
747, 53, -0.10303, -0.41724,  0.86328,  1.00, -0.12598,  0.00,  0.99213,  0.00,  0.5415,  0.00
748, 201, -0.05164, -0.5874,  0.86816,  1.00, -0.09449,  0.00,  0.99213,  0.00,  0.521, -0.21069
749, 51, -0.05164, -0.41895,  0.86816,  1.00, -0.06299,  0.00,  1.00,  0.00,  0.521,  0.00
750, 53, -0.10303, -0.41724,  0.86328,  1.00, -0.12598,  0.00,  0.99213,  0.00,  0.5415,  0.00
751, 202, -0.10303, -0.58447,  0.86328,  1.00, -0.09449,  0.00,  0.99213,  0.00,  0.5415, -0.21069
752, 201, -0.05164, -0.5874,  0.86816,  1.00, -0.09449,  0.00,  0.99213,  0.00,  0.521, -0.21069
753, 55, -0.15405, -0.41431,  0.85498,  1.00, -0.19685,  0.00,  0.98425,  0.00,  0.5625,  0.00
754, 203, -0.10303, -0.58447,  0.86328,  1.00, -0.16535,  0.00,  0.98425,  0.00,  0.5415, -0.21069
755, 53, -0.10303, -0.41724,  0.86328,  1.00, -0.12598,  0.00,  0.99213,  0.00,  0.5415,  0.00
756, 55, -0.15405, -0.41431,  0.85498,  1.00, -0.19685,  0.00,  0.98425,  0.00,  0.5625,  0.00
757, 204, -0.15405, -0.58057,  0.85498,  1.00, -0.16535,  0.00,  0.98425,  0.00,  0.5625, -0.21069
758, 203, -0.10303, -0.58447,  0.86328,  1.00, -0.16535,  0.00,  0.98425,  0.00,  0.5415, -0.21069
759, 57, -0.20435, -0.41016,  0.84326,  1.00, -0.25984,  0.00,  0.9685,  0.00,  0.5835,  0.00
760, 205, -0.15405, -0.58057,  0.85498,  1.00, -0.22835,  0.00,  0.97638,  0.00,  0.5625, -0.21069
761, 55, -0.15405, -0.41431,  0.85498,  1.00, -0.19685,  0.00,  0.98425,  0.00,  0.5625,  0.00
762, 57, -0.20435, -0.41016,  0.84326,  1.00, -0.25984,  0.00,  0.9685,  0.00,  0.5835,  0.00
763, 206, -0.20435, -0.57471,  0.84326,  1.00, -0.22835,  0.00,  0.97638,  0.00,  0.5835, -0.21069
764, 205, -0.15405, -0.58057,  0.85498,  1.00, -0.22835,  0.00,  0.97638,  0.00,  0.5625, -0.21069
765, 59, -0.25366, -0.40479,  0.82813,  1.00, -0.32283,  0.00,  0.94488,  0.00,  0.604,  0.00
766, 207, -0.20435, -0.57471,  0.84326,  1.00, -0.29134,  0.00,  0.96063,  0.00,  0.5835, -0.21069
767, 57, -0.20435, -0.41016,  0.84326,  1.00, -0.25984,  0.00,  0.9685,  0.00,  0.5835,  0.00
768, 59, -0.25366, -0.40479,  0.82813,  1.00, -0.32283,  0.00,  0.94488,  0.00,  0.604,  0.00
769, 208, -0.25366, -0.56689,  0.82813,  1.00, -0.29134,  0.00,  0.96063,  0.00,  0.604, -0.21069
770, 207, -0.20435, -0.57471,  0.84326,  1.00, -0.29134,  0.00,  0.96063,  0.00,  0.5835, -0.21069
771, 61, -0.302, -0.39819,  0.81006,  1.00, -0.37795,  0.00,  0.92126,  0.00,  0.625,  0.00
772, 209, -0.25366, -0.56689,  0.82813,  1.00, -0.35433,  0.00,  0.93701,  0.00,  0.604, -0.21069
773, 59, -0.25366, -0.40479,  0.82813,  1.00, -0.32283,  0.00,  0.94488,  0.00,  0.604,  0.00
774, 61, -0.302, -0.39819,  0.81006,  1.00, -0.37795,  0.00,  0.92126,  0.00,  0.625,  0.00
775, 210, -0.302, -0.55762,  0.81006,  1.00, -0.35433,  0.00,  0.93701,  0.00,  0.625, -0.21069
776, 209, -0.25366, -0.56689,  0.82813,  1.00, -0.35433,  0.00,  0.93701,  0.00,  0.604, -0.21069
777, 63, -0.34912, -0.39063,  0.78857,  1.00, -0.44094,  0.00,  0.89764,  0.00,  0.646,  0.00
778, 211, -0.302, -0.55762,  0.81006,  1.00, -0.40945,  0.00,  0.91339,  0.00,  0.625, -0.21069
779, 61, -0.302, -0.39819,  0.81006,  1.00, -0.37795,  0.00,  0.92126,  0.00,  0.625,  0.00
780, 63, -0.34912, -0.39063,  0.78857,  1.00, -0.44094,  0.00,  0.89764,  0.00,  0.646,  0.00
781, 212, -0.34912, -0.54639,  0.78857,  1.00, -0.40945,  0.00,  0.91339,  0.00,  0.646, -0.21069
782, 211, -0.302, -0.55762,  0.81006,  1.00, -0.40945,  0.00,  0.91339,  0.00,  0.625, -0.21069
783, 65, -0.39478, -0.38159,  0.76416,  1.00, -0.49606,  0.00,  0.86614,  0.00,  0.6665,  0.00
784, 213, -0.34912, -0.54639,  0.78857,  1.00, -0.47244,  0.00,  0.88189,  0.00,  0.646, -0.21069
785, 63, -0.34912, -0.39063,  0.78857,  1.00, -0.44094,  0.00,  0.89764,  0.00,  0.646,  0.00
786, 65, -0.39478, -0.38159,  0.76416,  1.00, -0.49606,  0.00,  0.86614,  0.00,  0.6665,  0.00
787, 214, -0.39478, -0.53369,  0.76416,  1.00, -0.47244,  0.00,  0.88189,  0.00,  0.6665, -0.21069
788, 213, -0.34912, -0.54639,  0.78857,  1.00, -0.47244,  0.00,  0.88189,  0.00,  0.646, -0.21069
789, 67, -0.44019, -0.37061,  0.73584,  1.00, -0.55118,  0.00,  0.83465,  0.00,  0.6875,  0.00
790, 215, -0.39478, -0.53369,  0.76416,  1.00, -0.52756,  0.00,  0.85039,  0.00,  0.6665, -0.21069
791, 65, -0.39478, -0.38159,  0.76416,  1.00, -0.49606,  0.00,  0.86614,  0.00,  0.6665,  0.00
792, 67, -0.44019, -0.37061,  0.73584,  1.00, -0.55118,  0.00,  0.83465,  0.00,  0.6875,  0.00
793, 216, -0.44019, -0.51807,  0.73584,  1.00, -0.52756,  0.00,  0.85039,  0.00,  0.6875, -0.21069
794, 215, -0.39478, -0.53369,  0.76416,  1.00, -0.52756,  0.00,  0.85039,  0.00,  0.6665, -0.21069
795, 69, -0.48584, -0.35742,  0.70264,  1.00, -0.61417,  0.00,  0.7874,  0.00,  0.7085,  0.00
796, 217, -0.44019, -0.51807,  0.73584,  1.00, -0.59055,  0.00,  0.81102,  0.00,  0.6875, -0.21069
797, 67, -0.44019, -0.37061,  0.73584,  1.00, -0.55118,  0.00,  0.83465,  0.00,  0.6875,  0.00
798, 69, -0.48584, -0.35742,  0.70264,  1.00, -0.61417,  0.00,  0.7874,  0.00,  0.7085,  0.00
799, 218, -0.48584, -0.50,  0.70264,  1.00, -0.59055,  0.00,  0.81102,  0.00,  0.7085, -0.21069
800, 217, -0.44019, -0.51807,  0.73584,  1.00, -0.59055,  0.00,  0.81102,  0.00,  0.6875, -0.21069
801, 71, -0.53076, -0.34229,  0.66504,  1.00, -0.66929,  0.00,  0.74016,  0.00,  0.729,  0.00
802, 219, -0.48584, -0.50,  0.70264,  1.00, -0.64567,  0.00,  0.76378,  0.00,  0.7085, -0.21069
803, 69, -0.48584, -0.35742,  0.70264,  1.00, -0.61417,  0.00,  0.7874,  0.00,  0.7085,  0.00
804, 71, -0.53076, -0.34229,  0.66504,  1.00, -0.66929,  0.00,  0.74016,  0.00,  0.729,  0.00
805, 220, -0.53076, -0.47876,  0.66504,  1.00, -0.64567,  0.00,  0.76378,  0.00,  0.729, -0.21069
806, 219, -0.48584, -0.50,  0.70264,  1.00, -0.64567,  0.00,  0.76378,  0.00,  0.7085, -0.21069
807, 73, -0.57422, -0.32495,  0.62256,  1.00, -0.72441,  0.00,  0.69291,  0.00,  0.75,  0.00
808, 221, -0.53076, -0.47876,  0.66504,  1.00, -0.70079,  0.00,  0.71654,  0.00,  0.729, -0.21069
809, 71, -0.53076, -0.34229,  0.66504,  1.00, -0.66929,  0.00,  0.74016,  0.00,  0.729,  0.00
810, 73, -0.57422, -0.32495,  0.62256,  1.00, -0.72441,  0.00,  0.69291,  0.00,  0.75,  0.00
811, 222, -0.57422, -0.45483,  0.62256,  1.00, -0.70079,  0.00,  0.71654,  0.00,  0.75, -0.21069
812, 221, -0.53076, -0.47876,  0.66504,  1.00, -0.70079,  0.00,  0.71654,  0.00,  0.729, -0.21069
813, 75, -0.61475, -0.3064,  0.57617,  1.00, -0.77165,  0.00,  0.62992,  0.00,  0.771,  0.00
814, 223, -0.57422, -0.45483,  0.62256,  1.00, -0.75591,  0.00,  0.65354,  0.00,  0.75, -0.21069
815, 73, -0.57422, -0.32495,  0.62256,  1.00, -0.72441,  0.00,  0.69291,  0.00,  0.75,  0.00
816, 75, -0.61475, -0.3064,  0.57617,  1.00, -0.77165,  0.00,  0.62992,  0.00,  0.771,  0.00
817, 224, -0.61475, -0.42896,  0.57617,  1.00, -0.75591,  0.00,  0.65354,  0.00,  0.771, -0.21069
818, 223, -0.57422, -0.45483,  0.62256,  1.00, -0.75591,  0.00,  0.65354,  0.00,  0.75, -0.21069
819, 77, -0.65137, -0.28638,  0.52637,  1.00, -0.8189,  0.00,  0.5748,  0.00,  0.7915,  0.00
820, 225, -0.61475, -0.42896,  0.57617,  1.00, -0.80315,  0.00,  0.59843,  0.00,  0.771, -0.21069
821, 75, -0.61475, -0.3064,  0.57617,  1.00, -0.77165,  0.00,  0.62992,  0.00,  0.771,  0.00
822, 77, -0.65137, -0.28638,  0.52637,  1.00, -0.8189,  0.00,  0.5748,  0.00,  0.7915,  0.00
823, 226, -0.65137, -0.40112,  0.52637,  1.00, -0.80315,  0.00,  0.59843,  0.00,  0.7915, -0.21069
824, 225, -0.61475, -0.42896,  0.57617,  1.00, -0.80315,  0.00,  0.59843,  0.00,  0.771, -0.21069
825, 79, -0.68408, -0.26538,  0.47437,  1.00, -0.86614,  0.00,  0.50394,  0.00,  0.8125,  0.00
826, 227, -0.65137, -0.40112,  0.52637,  1.00, -0.85039,  0.00,  0.53543,  0.00,  0.7915, -0.21069
827, 77, -0.65137, -0.28638,  0.52637,  1.00, -0.8189,  0.00,  0.5748,  0.00,  0.7915,  0.00
828, 79, -0.68408, -0.26538,  0.47437,  1.00, -0.86614,  0.00,  0.50394,  0.00,  0.8125,  0.00
829, 228, -0.68408, -0.37207,  0.47437,  1.00, -0.85039,  0.00,  0.53543,  0.00,  0.8125, -0.21069
830, 227, -0.65137, -0.40112,  0.52637,  1.00, -0.85039,  0.00,  0.53543,  0.00,  0.7915, -0.21069
831, 81, -0.7124, -0.24365,  0.42114,  1.00, -0.89764,  0.00,  0.44094,  0.00,  0.8335,  0.00
832, 229, -0.68408, -0.37207,  0.47437,  1.00, -0.88189,  0.00,  0.46457,  0.00,  0.8125, -0.21069
833, 79, -0.68408, -0.26538,  0.47437,  1.00, -0.86614,  0.00,  0.50394,  0.00,  0.8125,  0.00
834, 81, -0.7124, -0.24365,  0.42114,  1.00, -0.89764,  0.00,  0.44094,  0.00,  0.8335,  0.00
835, 230, -0.7124, -0.34204,  0.42114,  1.00, -0.88189,  0.00,  0.46457,  0.00,  0.8335, -0.21069
836, 229, -0.68408, -0.37207,  0.47437,  1.00, -0.88189,  0.00,  0.46457,  0.00,  0.8125, -0.21069
837, 83, -0.73535, -0.22144,  0.36768,  1.00, -0.92913,  0.00,  0.37008,  0.00,  0.854,  0.00
838, 231, -0.7124, -0.34204,  0.42114,  1.00, -0.92126,  0.00,  0.40157,  0.00,  0.8335, -0.21069
839, 81, -0.7124, -0.24365,  0.42114,  1.00, -0.89764,  0.00,  0.44094,  0.00,  0.8335,  0.00
840, 83, -0.73535, -0.22144,  0.36768,  1.00, -0.92913,  0.00,  0.37008,  0.00,  0.854,  0.00
841, 232, -0.73535, -0.31152,  0.36768,  1.00, -0.92126,  0.00,  0.40157,  0.00,  0.854, -0.21069
842, 231, -0.7124, -0.34204,  0.42114,  1.00, -0.92126,  0.00,  0.40157,  0.00,  0.8335, -0.21069
843, 85, -0.75391, -0.19897,  0.31519,  1.00, -0.95276,  0.00,  0.30709,  0.00,  0.875,  0.00
844, 233, -0.73535, -0.31152,  0.36768,  1.00, -0.94488,  0.00,  0.33071,  0.00,  0.854, -0.21069
845, 83, -0.73535, -0.22144,  0.36768,  1.00, -0.92913,  0.00,  0.37008,  0.00,  0.854,  0.00
846, 85, -0.75391, -0.19897,  0.31519,  1.00, -0.95276,  0.00,  0.30709,  0.00,  0.875,  0.00
847, 234, -0.75391, -0.28076,  0.31519,  1.00, -0.94488,  0.00,  0.33071,  0.00,  0.875, -0.21069
848, 233, -0.73535, -0.31152,  0.36768,  1.00, -0.94488,  0.00,  0.33071,  0.00,  0.854, -0.21069
849, 87, -0.76758, -0.17664,  0.26489,  1.00, -0.9685,  0.00,  0.24409,  0.00,  0.896,  0.00
850, 235, -0.75391, -0.28076,  0.31519,  1.00, -0.96063,  0.00,  0.26772,  0.00,  0.875, -0.21069
851, 85, -0.75391, -0.19897,  0.31519,  1.00, -0.95276,  0.00,  0.30709,  0.00,  0.875,  0.00
852, 87, -0.76758, -0.17664,  0.26489,  1.00, -0.9685,  0.00,  0.24409,  0.00,  0.896,  0.00
853, 236, -0.76758, -0.25049,  0.26489,  1.00, -0.96063,  0.00,  0.26772,  0.00,  0.896, -0.21069
854, 235, -0.75391, -0.28076,  0.31519,  1.00, -0.96063,  0.00,  0.26772,  0.00,  0.875, -0.21069
855, 89, -0.77734, -0.15454,  0.21765,  1.00, -0.98425,  0.00,  0.1811,  0.00,  0.9165,  0.00
856, 237, -0.76758, -0.25049,  0.26489,  1.00, -0.97638,  0.00,  0.20472,  0.00,  0.896, -0.21069
857, 87, -0.76758, -0.17664,  0.26489,  1.00, -0.9685,  0.00,  0.24409,  0.00,  0.896,  0.00
858, 89, -0.77734, -0.15454,  0.21765,  1.00, -0.98425,  0.00,  0.1811,  0.00,  0.9165,  0.00
859, 238, -0.77734, -0.22107,  0.21765,  1.00, -0.97638,  0.00,  0.20472,  0.00,  0.9165, -0.21069
860, 237, -0.76758, -0.25049,  0.26489,  1.00, -0.97638,  0.00,  0.20472,  0.00,  0.896, -0.21069
861, 93, -0.7876, -0.11237,  0.13696,  1.00, -1.00,  0.00,  0.07874,  0.00,  0.9585,  0.00
862, 108, -0.78369, -0.19275,  0.17468,  1.00, -0.99213,  0.00,  0.09449,  0.00,  0.9375, -0.21069
863, 91, -0.78369, -0.13306,  0.17468,  1.00, -0.99213,  0.00,  0.12598,  0.00,  0.9375,  0.00
