VTX, IDX, POSITION.x, POSITION.y, POSITION.z, NORMAL.x, NORMAL.y, NORMAL.z, TEXCOORD0.x, TEXCOORD0.y
0, 0, -0.76758,  0.17664,  0.26489, -0.96492, -0.00069,  0.26254,  0.896,  1.00
1, 1, -0.75244,  0.00,  0.32007, -0.96492, -0.00069,  0.26254,  0.875,  0.50
2, 2, -0.75391,  0.19897,  0.31519, -0.96492, -0.00069,  0.26254,  0.875,  1.00
3, 3, -0.77734,  0.15454,  0.21765, -0.97933,  0.00017,  0.20226,  0.9165,  1.00
4, 4, -0.7666, -5.96046E-08,  0.26978, -0.97933,  0.00017,  0.20226,  0.896,  0.50
5, 5, -0.76758,  0.17664,  0.26489, -0.97933,  0.00017,  0.20226,  0.896,  1.00
6, 6, -0.78369,  0.13306,  0.17468, -0.98914, -0.00157,  0.14696,  0.9375,  1.00
7, 7, -0.77637, -5.96046E-08,  0.22253, -0.98914, -0.00157,  0.14696,  0.9165,  0.50
8, 8, -0.77734,  0.15454,  0.21765, -0.98914, -0.00157,  0.14696,  0.9165,  1.00
9, 9, -0.7876,  0.11237,  0.13696, -0.99465, -0.00034,  0.10329,  0.9585,  1.00
10, 10, -0.7832, -5.96046E-08,  0.17896, -0.99465, -0.00034,  0.10329,  0.9375,  0.50
11, 11, -0.78369,  0.13306,  0.17468, -0.99465, -0.00034,  0.10329,  0.9375,  1.00
12, 12, -0.78906,  0.09277,  0.10535, -0.99884, -0.00295,  0.04796,  0.979,  1.00
13, 13, -0.78711, -5.96046E-08,  0.14026, -0.99884, -0.00295,  0.04796,  0.9585,  0.50
14, 14, -0.7876,  0.11237,  0.13696, -0.99884, -0.00295,  0.04796,  0.9585,  1.00
15, 15, -0.78955,  0.07458,  0.08063, -0.99981,  0.0004,  0.01953,  1.00,  1.00
16, 16, -0.78906, -5.96046E-08,  0.10724, -0.99981,  0.0004,  0.01953,  0.979,  0.50
17, 17, -0.78906,  0.09277,  0.10535, -0.99981,  0.0004,  0.01953,  0.979,  1.00
18, 18, -0.77734, -0.22107,  0.21765, -0.98926,  0.00,  0.14619,  0.9165, -0.21069
19, 19, -0.78369, -0.13306,  0.17468, -0.98926,  0.00,  0.14619,  0.9375,  0.00
20, 20, -0.78369, -0.19275,  0.17468, -0.98926,  0.00,  0.14619,  0.9375, -0.21069
21, 21, -0.78369, -0.19275,  0.17468, -0.99467,  0.00,  0.10311,  0.9375, -0.21069
22, 22, -0.7876, -0.11237,  0.13696, -0.99467,  0.00,  0.10311,  0.9585,  0.00
23, 23, -0.7876, -0.16626,  0.13696, -0.99467,  0.00,  0.10311,  0.9585, -0.21069
24, 24, -0.78906, -0.14172,  0.10535, -0.9998,  0.00,  0.01982,  0.979, -0.21069
25, 25, -0.78955, -0.07458,  0.08063, -0.9998,  0.00,  0.01982,  1.00,  0.00
26, 26, -0.78955, -0.11963,  0.08063, -0.9998,  0.00,  0.01982,  1.00, -0.21069
27, 27, -0.75391,  0.19897,  0.31519, -0.94257, -0.00168,  0.334,  0.875,  1.00
28, 28, -0.7334,  0.00,  0.37207, -0.94257, -0.00168,  0.334,  0.854,  0.50
29, 29, -0.73535,  0.22144,  0.36768, -0.94257, -0.00168,  0.334,  0.854,  1.00
30, 30, -0.73535,  0.22144,  0.36768, -0.91875, -0.00102,  0.39484,  0.854,  1.00
31, 31, -0.71045,  0.00,  0.42505, -0.91875, -0.00102,  0.39484,  0.8335,  0.50
32, 32, -0.7124,  0.24365,  0.42114, -0.91875, -0.00102,  0.39484,  0.8335,  1.00
33, 33, -0.7124,  0.24365,  0.42114, -0.88268, -0.00087,  0.46997,  0.8335,  1.00
34, 34, -0.68213,  0.00,  0.47754, -0.88268, -0.00087,  0.46997,  0.8125,  0.50
35, 35, -0.68408,  0.26538,  0.47437, -0.88268, -0.00087,  0.46997,  0.8125,  1.00
36, 36, -0.68408,  0.26538,  0.47437, -0.84649,  0.00019,  0.5324,  0.8125,  1.00
37, 37, -0.6499,  0.00,  0.52881, -0.84649,  0.00019,  0.5324,  0.7915,  0.50
38, 38, -0.65137,  0.28638,  0.52637, -0.84649,  0.00019,  0.5324,  0.7915,  1.00
39, 39, -0.65137,  0.28638,  0.52637, -0.80544, -0.00102,  0.59268,  0.7915,  1.00
40, 40, -0.61328,  0.00,  0.57764, -0.80544, -0.00102,  0.59268,  0.771,  0.50
41, 41, -0.61475,  0.3064,  0.57617, -0.80544, -0.00102,  0.59268,  0.771,  1.00
42, 42, -0.61475,  0.3064,  0.57617, -0.75301, -0.00029,  0.65801,  0.771,  1.00
43, 43, -0.57324,  0.00,  0.62354, -0.75301, -0.00029,  0.65801,  0.75,  0.50
44, 44, -0.57422,  0.32495,  0.62256, -0.75301, -0.00029,  0.65801,  0.75,  1.00
45, 45, -0.57422,  0.32495,  0.62256, -0.699,  0.00002,  0.71512,  0.75,  1.00
46, 46, -0.53027,  0.00,  0.66553, -0.699,  0.00002,  0.71512,  0.729,  0.50
47, 47, -0.53076,  0.34229,  0.66504, -0.699,  0.00002,  0.71512,  0.729,  1.00
48, 48, -0.53076,  0.34229,  0.66504, -0.64198,  0.00062,  0.76672,  0.729,  1.00
49, 49, -0.4856,  0.00,  0.70313, -0.64198,  0.00062,  0.76672,  0.7085,  0.50
50, 50, -0.48584,  0.35742,  0.70264, -0.64198,  0.00062,  0.76672,  0.7085,  1.00
51, 51, -0.48584,  0.35742,  0.70264, -0.5881, -0.0004,  0.80879,  0.7085,  1.00
52, 52, -0.43994,  0.00,  0.73584, -0.5881, -0.0004,  0.80879,  0.6875,  0.50
53, 53, -0.44019,  0.37061,  0.73584, -0.5881, -0.0004,  0.80879,  0.6875,  1.00
54, 54, -0.44019,  0.37061,  0.73584, -0.52918,  0.00,  0.84851,  0.6875,  1.00
55, 55, -0.39478,  0.00,  0.76416, -0.52918,  0.00,  0.84851,  0.6665,  0.50
56, 56, -0.39478,  0.38159,  0.76416, -0.52918,  0.00,  0.84851,  0.6665,  1.00
57, 57, -0.39478,  0.38159,  0.76416, -0.47146,  0.00,  0.88189,  0.6665,  1.00
58, 58, -0.34912,  0.00,  0.78857, -0.47146,  0.00,  0.88189,  0.646,  0.50
59, 59, -0.34912,  0.39063,  0.78857, -0.47146,  0.00,  0.88189,  0.646,  1.00
60, 60, -0.34912,  0.39063,  0.78857, -0.41495,  0.00,  0.90984,  0.646,  1.00
61, 61, -0.302,  0.00,  0.81006, -0.41495,  0.00,  0.90984,  0.625,  0.50
62, 62, -0.302,  0.39819,  0.81006, -0.41495,  0.00,  0.90984,  0.625,  1.00
63, 63, -0.302,  0.39819,  0.81006, -0.35015,  0.00,  0.9367,  0.625,  1.00
64, 64, -0.25366,  0.00,  0.82813, -0.35015,  0.00,  0.9367,  0.604,  0.50
65, 65, -0.25366,  0.40479,  0.82813, -0.35015,  0.00,  0.9367,  0.604,  1.00
66, 66, -0.25366,  0.40479,  0.82813, -0.29334,  0.00,  0.95601,  0.604,  1.00
67, 67, -0.20435,  0.00,  0.84326, -0.29334,  0.00,  0.95601,  0.5835,  0.50
68, 68, -0.20435,  0.41016,  0.84326, -0.29334,  0.00,  0.95601,  0.5835,  1.00
69, 69, -0.20435,  0.41016,  0.84326, -0.22692,  0.00,  0.97391,  0.5835,  1.00
70, 70, -0.15405,  0.00,  0.85498, -0.22692,  0.00,  0.97391,  0.5625,  0.50
71, 71, -0.15405,  0.41431,  0.85498, -0.22692,  0.00,  0.97391,  0.5625,  1.00
72, 72, -0.15405,  0.41431,  0.85498, -0.16057,  0.00,  0.98702,  0.5625,  1.00
73, 73, -0.10303,  0.00,  0.86328, -0.16057,  0.00,  0.98702,  0.5415,  0.50
74, 74, -0.10303,  0.41724,  0.86328, -0.16057,  0.00,  0.98702,  0.5415,  1.00
75, 75,  0.10303,  0.41699,  0.86328,  0.16057,  0.00,  0.98702,  0.45825,  1.00
76, 76,  0.15405,  0.00,  0.85498,  0.16057,  0.00,  0.98702,  0.4375,  0.50
77, 77,  0.15405,  0.41382,  0.85498,  0.16057,  0.00,  0.98702,  0.4375,  1.00
78, 78,  0.15405,  0.41382,  0.85498,  0.22692,  0.00,  0.97391,  0.4375,  1.00
79, 79,  0.20435,  0.00,  0.84326,  0.22692,  0.00,  0.97391,  0.41675,  0.50
80, 80,  0.20435,  0.40967,  0.84326,  0.22692,  0.00,  0.97391,  0.41675,  1.00
81, 81,  0.20435,  0.40967,  0.84326,  0.29334,  0.00,  0.95601,  0.41675,  1.00
82, 82,  0.25366,  0.00,  0.82813,  0.29334,  0.00,  0.95601,  0.39575,  0.50
83, 83,  0.25366,  0.4043,  0.82813,  0.29334,  0.00,  0.95601,  0.39575,  1.00
84, 84,  0.25366,  0.4043,  0.82813,  0.35015,  0.00,  0.9367,  0.39575,  1.00
85, 85,  0.302,  0.00,  0.81006,  0.35015,  0.00,  0.9367,  0.375,  0.50
86, 86,  0.302,  0.39795,  0.81006,  0.35015,  0.00,  0.9367,  0.375,  1.00
87, 87,  0.302,  0.39795,  0.81006,  0.41495,  0.00,  0.90984,  0.375,  1.00
88, 88,  0.34912,  0.00,  0.78857,  0.41495,  0.00,  0.90984,  0.35425,  0.50
89, 89,  0.34912,  0.39038,  0.78857,  0.41495,  0.00,  0.90984,  0.35425,  1.00
90, 90,  0.34912,  0.39038,  0.78857,  0.47146,  0.00,  0.88189,  0.35425,  1.00
91, 91,  0.39478,  0.00,  0.76416,  0.47146,  0.00,  0.88189,  0.33325,  0.50
92, 92,  0.39478,  0.38159,  0.76416,  0.47146,  0.00,  0.88189,  0.33325,  1.00
93, 93,  0.39478,  0.38159,  0.76416,  0.53147,  0.00112,  0.84708,  0.33325,  1.00
94, 94,  0.43994,  0.00,  0.73633,  0.53147,  0.00112,  0.84708,  0.3125,  0.50
95, 95,  0.43994,  0.37109,  0.73584,  0.53147,  0.00112,  0.84708,  0.3125,  1.00
96, 96,  0.43994,  0.37109,  0.73584,  0.5802, -0.00079,  0.81447,  0.3125,  1.00
97, 97,  0.48535,  0.00,  0.70313,  0.5802, -0.00079,  0.81447,  0.29175,  0.50
98, 98,  0.48584,  0.35815,  0.70313,  0.5802, -0.00079,  0.81447,  0.29175,  1.00
99, 99,  0.48584,  0.35815,  0.70313,  0.6466, -0.00074,  0.76283,  0.29175,  1.00
100, 100,  0.52979,  0.00,  0.66553,  0.6466, -0.00074,  0.76283,  0.27075,  0.50
101, 101,  0.53076,  0.34351,  0.66504,  0.6466, -0.00074,  0.76283,  0.27075,  1.00
102, 102,  0.53076,  0.34351,  0.66504,  0.70325,  0.00107,  0.71094,  0.27075,  1.00
103, 103,  0.57275,  0.00,  0.62402,  0.70325,  0.00107,  0.71094,  0.25,  0.50
104, 104,  0.57373,  0.3269,  0.62256,  0.70325,  0.00107,  0.71094,  0.25,  1.00
105, 105,  0.57373,  0.3269,  0.62256,  0.74971,  0.00061,  0.66176,  0.25,  1.00
106, 106,  0.61279,  0.00,  0.57861,  0.74971,  0.00061,  0.66176,  0.22913,  0.50
107, 107,  0.61426,  0.30884,  0.57666,  0.74971,  0.00061,  0.66176,  0.22913,  1.00
108, 108,  0.61426,  0.30884,  0.57666,  0.80306,  0.00097,  0.59589,  0.22913,  1.00
109, 109,  0.64941,  0.00,  0.52979,  0.80306,  0.00097,  0.59589,  0.20837,  0.50
110, 110,  0.65088,  0.28931,  0.52734,  0.80306,  0.00097,  0.59589,  0.20837,  1.00
111, 111,  0.65088,  0.28931,  0.52734,  0.84657,  0.00063,  0.53228,  0.20837,  1.00
112, 112,  0.68164,  0.00,  0.47876,  0.84657,  0.00063,  0.53228,  0.1875,  0.50
113, 113,  0.68359,  0.26904,  0.47534,  0.84657,  0.00063,  0.53228,  0.1875,  1.00
114, 114,  0.68359,  0.26904,  0.47534,  0.88535,  0.00078,  0.46492,  0.1875,  1.00
115, 115,  0.70947,  0.00,  0.42651,  0.88535,  0.00078,  0.46492,  0.16663,  0.50
116, 116,  0.71143,  0.24805,  0.42236,  0.88535,  0.00078,  0.46492,  0.16663,  1.00
117, 117,  0.71143,  0.24805,  0.42236,  0.91529,  0.00037,  0.4028,  0.16663,  1.00
118, 118,  0.73291,  0.00,  0.37378,  0.91529,  0.00037,  0.4028,  0.14587,  0.50
119, 119,  0.73486,  0.22644,  0.36914,  0.91529,  0.00037,  0.4028,  0.14587,  1.00
120, 120,  0.73486,  0.22644,  0.36914,  0.94218, -0.00102,  0.3351,  0.14587,  1.00
121, 121,  0.75146,  0.00,  0.32178,  0.94218, -0.00102,  0.3351,  0.125,  0.50
122, 122,  0.75342,  0.20471,  0.31689,  0.94218, -0.00102,  0.3351,  0.125,  1.00
123, 123,  0.75342,  0.20471,  0.31689,  0.96553,  0.00211,  0.26029,  0.125,  1.00
124, 124,  0.76611, -5.96046E-08,  0.27148,  0.96553,  0.00211,  0.26029,  0.10419,  0.50
125, 125,  0.76709,  0.18286,  0.26636,  0.96553,  0.00211,  0.26029,  0.10419,  1.00
126, 126,  0.76709,  0.18286,  0.26636,  0.97721,  0.0007,  0.21225,  0.10419,  1.00
127, 127,  0.77637, -5.96046E-08,  0.22424,  0.97721,  0.0007,  0.21225,  0.08331,  0.50
128, 128,  0.77734,  0.16138,  0.21924,  0.97721,  0.0007,  0.21225,  0.08331,  1.00
129, 129,  0.77734,  0.16138,  0.21924,  0.98939,  0.00109,  0.14527,  0.08331,  1.00
130, 130,  0.7832, -5.96046E-08,  0.18054,  0.98939,  0.00109,  0.14527,  0.0625,  0.50
131, 131,  0.78369,  0.14038,  0.17615,  0.98939,  0.00109,  0.14527,  0.0625,  1.00
132, 132,  0.78369,  0.14038,  0.17615,  0.99611,  0.00251,  0.08811,  0.0625,  1.00
133, 133,  0.78711, -5.96046E-08,  0.14148,  0.99611,  0.00251,  0.08811,  0.04166,  0.50
134, 134,  0.78711,  0.12024,  0.13806,  0.99611,  0.00251,  0.08811,  0.04166,  1.00
135, 135,  0.78711,  0.12024,  0.13806,  0.9982,  0.00119,  0.05992,  0.04166,  1.00
136, 136,  0.78906, -5.96046E-08,  0.10797,  0.9982,  0.00119,  0.05992,  0.02083,  0.50
137, 137,  0.78906,  0.10101,  0.10596,  0.9982,  0.00119,  0.05992,  0.02083,  1.00
138, 138,  0.78906,  0.10101,  0.10596,  0.99981,  0.00,  0.01934,  0.02083,  1.00
139, 139,  0.78955, -5.96046E-08,  0.08063,  0.99981,  0.00,  0.01934,  0.00,  0.50
140, 140,  0.78955,  0.08313,  0.08063,  0.99981,  0.00,  0.01934,  0.00,  1.00
141, 141,  0.78955, -0.12817,  0.08063,  0.99981,  0.00,  0.01934,  0.00, -0.21069
142, 142,  0.78906, -0.10101,  0.10596,  0.99981,  0.00,  0.01934,  0.02083,  0.00
143, 143,  0.78906, -0.15002,  0.10596,  0.99981,  0.00,  0.01934,  0.02083, -0.21069
144, 144,  0.78906, -0.15002,  0.10596,  0.99816,  0.00,  0.06064,  0.02083, -0.21069
145, 145,  0.78711, -0.12024,  0.13806,  0.99816,  0.00,  0.06064,  0.04166,  0.00
146, 146,  0.78711, -0.17419,  0.13806,  0.99816,  0.00,  0.06064,  0.04166, -0.21069
147, 147,  0.78711, -0.17419,  0.13806,  0.99599,  0.00,  0.08943,  0.04166, -0.21069
148, 148,  0.78369, -0.14038,  0.17615,  0.99599,  0.00,  0.08943,  0.0625,  0.00
149, 149,  0.78369, -0.20044,  0.17615,  0.99599,  0.00,  0.08943,  0.0625, -0.21069
150, 150,  0.78369, -0.20044,  0.17615,  0.98932,  0.00,  0.14579,  0.0625, -0.21069
151, 151,  0.77734, -0.16138,  0.21924,  0.98932,  0.00,  0.14579,  0.08331,  0.00
152, 152,  0.77734, -0.22815,  0.21924,  0.98932,  0.00,  0.14579,  0.08331, -0.21069
153, 153,  0.77734, -0.22815,  0.21924,  0.97715,  0.00,  0.21256,  0.08331, -0.21069
154, 154,  0.76709, -0.18286,  0.26636,  0.97715,  0.00,  0.21256,  0.10419,  0.00
155, 155,  0.76709, -0.25708,  0.26636,  0.97715,  0.00,  0.21256,  0.10419, -0.21069
156, 156,  0.76709, -0.25708,  0.26636,  0.9653,  0.00,  0.26115,  0.10419, -0.21069
157, 157,  0.75342, -0.20471,  0.31689,  0.9653,  0.00,  0.26115,  0.125,  0.00
158, 158,  0.75342, -0.28662,  0.31689,  0.9653,  0.00,  0.26115,  0.125, -0.21069
159, 159,  0.75342, -0.28662,  0.31689,  0.94232,  0.00,  0.33472,  0.125, -0.21069
160, 160,  0.73486, -0.22644,  0.36914,  0.94232,  0.00,  0.33472,  0.14587,  0.00
161, 161,  0.73486, -0.31665,  0.36914,  0.94232,  0.00,  0.33472,  0.14587, -0.21069
162, 162,  0.73486, -0.31665,  0.36914,  0.91523,  0.00,  0.40293,  0.14587, -0.21069
163, 163,  0.71143, -0.24805,  0.42236,  0.91523,  0.00,  0.40293,  0.16663,  0.00
164, 164,  0.71143, -0.34668,  0.42236,  0.91523,  0.00,  0.40293,  0.16663, -0.21069
165, 165,  0.71143, -0.34668,  0.42236,  0.88522,  0.00,  0.46517,  0.16663, -0.21069
166, 166,  0.68359, -0.26904,  0.47534,  0.88522,  0.00,  0.46517,  0.1875,  0.00
167, 167,  0.68359, -0.37598,  0.47534,  0.88522,  0.00,  0.46517,  0.1875, -0.21069
168, 168,  0.68359, -0.37598,  0.47534,  0.84646,  0.00,  0.53246,  0.1875, -0.21069
169, 169,  0.65088, -0.28931,  0.52734,  0.84646,  0.00,  0.53246,  0.20837,  0.00
170, 170,  0.65088, -0.4043,  0.52734,  0.84646,  0.00,  0.53246,  0.20837, -0.21069
171, 171,  0.61426, -0.4314,  0.57666,  0.74959,  0.00,  0.6619,  0.22913, -0.21069
172, 172,  0.57373, -0.3269,  0.62256,  0.74959,  0.00,  0.6619,  0.25,  0.00
173, 173,  0.57373, -0.45679,  0.62256,  0.74959,  0.00,  0.6619,  0.25, -0.21069
174, 174,  0.57373, -0.45679,  0.62256,  0.70304,  0.00,  0.71115,  0.25, -0.21069
175, 175,  0.53076, -0.34351,  0.66504,  0.70304,  0.00,  0.71115,  0.27075,  0.00
176, 176,  0.53076, -0.47998,  0.66504,  0.70304,  0.00,  0.71115,  0.27075, -0.21069
177, 177,  0.53076, -0.47998,  0.66504,  0.64674,  0.00,  0.76271,  0.27075, -0.21069
178, 178,  0.48584, -0.35815,  0.70313,  0.64674,  0.00,  0.76271,  0.29175,  0.00
179, 179,  0.48584, -0.50049,  0.70313,  0.64674,  0.00,  0.76271,  0.29175, -0.21069
180, 180,  0.48584, -0.50049,  0.70313,  0.58035,  0.00,  0.81437,  0.29175, -0.21069
181, 181,  0.43994, -0.37109,  0.73584,  0.58035,  0.00,  0.81437,  0.3125,  0.00
182, 182,  0.43994, -0.51855,  0.73584,  0.58035,  0.00,  0.81437,  0.3125, -0.21069
183, 183,  0.43994, -0.51855,  0.73584,  0.53128,  0.00,  0.8472,  0.3125, -0.21069
184, 184,  0.39478, -0.38159,  0.76416,  0.53128,  0.00,  0.8472,  0.33325,  0.00
185, 185,  0.39478, -0.53369,  0.76416,  0.53128,  0.00,  0.8472,  0.33325, -0.21069
186, 186,  0.39478, -0.53369,  0.76416,  0.47146,  0.00,  0.88189,  0.33325, -0.21069
187, 187,  0.34912, -0.39038,  0.78857,  0.47146,  0.00,  0.88189,  0.35425,  0.00
188, 188,  0.34912, -0.54639,  0.78857,  0.47146,  0.00,  0.88189,  0.35425, -0.21069
189, 189,  0.34912, -0.54639,  0.78857,  0.41495,  0.00,  0.90984,  0.35425, -0.21069
190, 190,  0.302, -0.39795,  0.81006,  0.41495,  0.00,  0.90984,  0.375,  0.00
191, 191,  0.302, -0.55713,  0.81006,  0.41495,  0.00,  0.90984,  0.375, -0.21069
192, 192,  0.302, -0.55713,  0.81006,  0.35015,  0.00,  0.9367,  0.375, -0.21069
193, 193,  0.25366, -0.4043,  0.82813,  0.35015,  0.00,  0.9367,  0.39575,  0.00
194, 194,  0.25366, -0.56641,  0.82813,  0.35015,  0.00,  0.9367,  0.39575, -0.21069
195, 195, -0.25366, -0.56689,  0.82813, -0.35015,  0.00,  0.9367,  0.604, -0.21069
196, 196, -0.302, -0.39819,  0.81006, -0.35015,  0.00,  0.9367,  0.625,  0.00
197, 197, -0.302, -0.55762,  0.81006, -0.35015,  0.00,  0.9367,  0.625, -0.21069
198, 198, -0.302, -0.55762,  0.81006, -0.41495,  0.00,  0.90984,  0.625, -0.21069
199, 199, -0.34912, -0.39063,  0.78857, -0.41495,  0.00,  0.90984,  0.646,  0.00
200, 200, -0.34912, -0.54639,  0.78857, -0.41495,  0.00,  0.90984,  0.646, -0.21069
201, 201, -0.34912, -0.54639,  0.78857, -0.47146,  0.00,  0.88189,  0.646, -0.21069
202, 202, -0.39478, -0.38159,  0.76416, -0.47146,  0.00,  0.88189,  0.6665,  0.00
203, 203, -0.39478, -0.53369,  0.76416, -0.47146,  0.00,  0.88189,  0.6665, -0.21069
204, 204, -0.39478, -0.53369,  0.76416, -0.52918,  0.00,  0.84851,  0.6665, -0.21069
205, 205, -0.44019, -0.37061,  0.73584, -0.52918,  0.00,  0.84851,  0.6875,  0.00
206, 206, -0.44019, -0.51807,  0.73584, -0.52918,  0.00,  0.84851,  0.6875, -0.21069
207, 207, -0.44019, -0.51807,  0.73584, -0.58817,  0.00,  0.80874,  0.6875, -0.21069
208, 208, -0.48584, -0.35742,  0.70264, -0.58817,  0.00,  0.80874,  0.7085,  0.00
209, 209, -0.48584, -0.50,  0.70264, -0.58817,  0.00,  0.80874,  0.7085, -0.21069
210, 210, -0.48584, -0.50,  0.70264, -0.64186,  0.00,  0.76682,  0.7085, -0.21069
211, 211, -0.53076, -0.34229,  0.66504, -0.64186,  0.00,  0.76682,  0.729,  0.00
212, 212, -0.53076, -0.47876,  0.66504, -0.64186,  0.00,  0.76682,  0.729, -0.21069
213, 213, -0.53076, -0.47876,  0.66504, -0.699,  0.00,  0.71512,  0.729, -0.21069
214, 214, -0.57422, -0.32495,  0.62256, -0.699,  0.00,  0.71512,  0.75,  0.00
215, 215, -0.57422, -0.45483,  0.62256, -0.699,  0.00,  0.71512,  0.75, -0.21069
216, 216, -0.57422, -0.45483,  0.62256, -0.75307,  0.00,  0.65794,  0.75, -0.21069
217, 217, -0.61475, -0.3064,  0.57617, -0.75307,  0.00,  0.65794,  0.771,  0.00
218, 218, -0.61475, -0.42896,  0.57617, -0.75307,  0.00,  0.65794,  0.771, -0.21069
219, 219, -0.61475, -0.42896,  0.57617, -0.80563,  0.00,  0.59241,  0.771, -0.21069
220, 220, -0.65137, -0.28638,  0.52637, -0.80563,  0.00,  0.59241,  0.7915,  0.00
221, 221, -0.65137, -0.40112,  0.52637, -0.80563,  0.00,  0.59241,  0.7915, -0.21069
222, 222, -0.65137, -0.40112,  0.52637, -0.84646,  0.00,  0.53246,  0.7915, -0.21069
223, 223, -0.68408, -0.26538,  0.47437, -0.84646,  0.00,  0.53246,  0.8125,  0.00
224, 224, -0.68408, -0.37207,  0.47437, -0.84646,  0.00,  0.53246,  0.8125, -0.21069
225, 225, -0.68408, -0.37207,  0.47437, -0.88283,  0.00,  0.46969,  0.8125, -0.21069
226, 226, -0.7124, -0.24365,  0.42114, -0.88283,  0.00,  0.46969,  0.8335,  0.00
227, 227, -0.7124, -0.34204,  0.42114, -0.88283,  0.00,  0.46969,  0.8335, -0.21069
228, 228, -0.7124, -0.34204,  0.42114, -0.9189,  0.00,  0.39448,  0.8335, -0.21069
229, 229, -0.73535, -0.22144,  0.36768, -0.9189,  0.00,  0.39448,  0.854,  0.00
230, 230, -0.73535, -0.31152,  0.36768, -0.9189,  0.00,  0.39448,  0.854, -0.21069
231, 231, -0.73535, -0.31152,  0.36768, -0.9428,  0.00,  0.33336,  0.854, -0.21069
232, 232, -0.75391, -0.19897,  0.31519, -0.9428,  0.00,  0.33336,  0.875,  0.00
233, 233, -0.75391, -0.28076,  0.31519, -0.9428,  0.00,  0.33336,  0.875, -0.21069
234, 234, -0.75391, -0.28076,  0.31519, -0.965,  0.00,  0.26226,  0.875, -0.21069
235, 235, -0.76758, -0.17664,  0.26489, -0.965,  0.00,  0.26226,  0.896,  0.00
236, 236, -0.76758, -0.25049,  0.26489, -0.965,  0.00,  0.26226,  0.896, -0.21069
237, 237, -0.76758, -0.25049,  0.26489, -0.97932,  0.00,  0.20233,  0.896, -0.21069
238, 238, -0.77734, -0.15454,  0.21765, -0.97932,  0.00,  0.20233,  0.9165,  0.00
239, 239, -0.77734, -0.22107,  0.21765, -0.97932,  0.00,  0.20233,  0.9165, -0.21069
240, 240,  0.78906, -5.96046E-08,  0.10797,  0.99984,  0.00,  0.01792,  0.02083,  0.50
241, 241,  0.78955, -0.08313,  0.08063,  0.99984,  0.00,  0.01792,  0.00,  0.00
242, 242,  0.78955, -5.96046E-08,  0.08063,  0.99984,  0.00,  0.01792,  0.00,  0.50
243, 240,  0.78906, -5.96046E-08,  0.10797,  0.99984,  0.00,  0.01792,  0.02083,  0.50
244, 242,  0.78955, -5.96046E-08,  0.08063,  0.99984,  0.00,  0.01792,  0.00,  0.50
245, 243,  0.78906,  0.10101,  0.10596,  0.99984,  0.00036,  0.01792,  0.02083,  1.00
246, 244,  0.78711, -5.96046E-08,  0.14148,  0.99831, -0.00116,  0.05809,  0.04166,  0.50
247, 245,  0.78906, -0.10101,  0.10596,  0.99831, -0.00116,  0.05809,  0.02083,  0.00
248, 240,  0.78906, -5.96046E-08,  0.10797,  0.99984,  0.00,  0.01792,  0.02083,  0.50
249, 244,  0.78711, -5.96046E-08,  0.14148,  0.99831, -0.00116,  0.05809,  0.04166,  0.50
250, 240,  0.78906, -5.96046E-08,  0.10797,  0.99984,  0.00,  0.01792,  0.02083,  0.50
251, 246,  0.78711,  0.12024,  0.13806,  0.99831,  0.00165,  0.05809,  0.04166,  1.00
252, 247,  0.7832, -5.96046E-08,  0.18054,  0.99502, -0.00283,  0.0996,  0.0625,  0.50
253, 248,  0.78711, -0.12024,  0.13806,  0.99502, -0.00283,  0.0996,  0.04166,  0.00
254, 244,  0.78711, -5.96046E-08,  0.14148,  0.99831, -0.00116,  0.05809,  0.04166,  0.50
255, 247,  0.7832, -5.96046E-08,  0.18054,  0.99502, -0.00283,  0.0996,  0.0625,  0.50
256, 244,  0.78711, -5.96046E-08,  0.14148,  0.99831, -0.00116,  0.05809,  0.04166,  0.50
257, 249,  0.78369,  0.14038,  0.17615,  0.99503, -0.00036,  0.0996,  0.0625,  1.00
258, 250,  0.78906, -0.10101,  0.10596,  0.99982, -0.00038,  0.01907,  0.02083,  0.00
259, 251,  0.78955, -0.08313,  0.08063,  0.99982, -0.00038,  0.01907,  0.00,  0.00
260, 252,  0.78906, -5.96046E-08,  0.10797,  0.99982, -0.00038,  0.01907,  0.02083,  0.50
261, 251,  0.78955, -0.08313,  0.08063,  0.99982, -0.00038,  0.01907,  0.00,  0.00
262, 250,  0.78906, -0.10101,  0.10596,  0.99982, -0.00038,  0.01907,  0.02083,  0.00
263, 253,  0.78955, -0.12817,  0.08063,  0.99981,  0.00,  0.01934,  0.00, -0.21069
264, 254,  0.78711, -0.12024,  0.13806,  0.99822, -0.0017,  0.05962,  0.04166,  0.00
265, 255,  0.78906, -0.10101,  0.10596,  0.99822, -0.0017,  0.05962,  0.02083,  0.00
266, 256,  0.78711, -5.96046E-08,  0.14148,  0.99822, -0.0017,  0.05962,  0.04166,  0.50
267, 255,  0.78906, -0.10101,  0.10596,  0.99822, -0.0017,  0.05962,  0.02083,  0.00
268, 254,  0.78711, -0.12024,  0.13806,  0.99822, -0.0017,  0.05962,  0.04166,  0.00
269, 257,  0.78906, -0.15002,  0.10596,  0.99816,  0.00,  0.06064,  0.02083, -0.21069
270, 258,  0.78369, -0.14038,  0.17615,  0.99596,  0.00067,  0.08978,  0.0625,  0.00
271, 259,  0.78711, -0.12024,  0.13806,  0.99596,  0.00067,  0.08978,  0.04166,  0.00
272, 260,  0.7832, -5.96046E-08,  0.18054,  0.99596,  0.00067,  0.08978,  0.0625,  0.50
273, 259,  0.78711, -0.12024,  0.13806,  0.99596,  0.00067,  0.08978,  0.04166,  0.00
274, 258,  0.78369, -0.14038,  0.17615,  0.99596,  0.00067,  0.08978,  0.0625,  0.00
275, 261,  0.78711, -0.17419,  0.13806,  0.99599,  0.00,  0.08943,  0.04166, -0.21069
276, 262,  0.77637, -5.96046E-08,  0.22424,  0.988, -0.00138,  0.15442,  0.08331,  0.50
277, 263,  0.78369, -0.14038,  0.17615,  0.988, -0.00138,  0.15442,  0.0625,  0.00
278, 264,  0.7832, -5.96046E-08,  0.18054,  0.988, -0.00138,  0.15442,  0.0625,  0.50
279, 262,  0.77637, -5.96046E-08,  0.22424,  0.988, -0.00138,  0.15442,  0.08331,  0.50
280, 264,  0.7832, -5.96046E-08,  0.18054,  0.988, -0.00138,  0.15442,  0.0625,  0.50
281, 265,  0.77734,  0.16138,  0.21924,  0.988, -0.00115,  0.15442,  0.08331,  1.00
282, 266,  0.77734, -0.16138,  0.21924,  0.98922,  0.00141,  0.14646,  0.08331,  0.00
283, 267,  0.78369, -0.14038,  0.17615,  0.98922,  0.00141,  0.14646,  0.0625,  0.00
284, 268,  0.77637, -5.96046E-08,  0.22424,  0.98922,  0.00141,  0.14646,  0.08331,  0.50
285, 267,  0.78369, -0.14038,  0.17615,  0.98922,  0.00141,  0.14646,  0.0625,  0.00
286, 266,  0.77734, -0.16138,  0.21924,  0.98922,  0.00141,  0.14646,  0.08331,  0.00
287, 269,  0.78369, -0.20044,  0.17615,  0.98932,  0.00,  0.14579,  0.0625, -0.21069
288, 270,  0.76611, -5.96046E-08,  0.27148,  0.97722, -0.0007,  0.21224,  0.10419,  0.50
289, 271,  0.77734, -0.16138,  0.21924,  0.97722, -0.0007,  0.21224,  0.08331,  0.00
290, 272,  0.77637, -5.96046E-08,  0.22424,  0.97722, -0.0007,  0.21224,  0.08331,  0.50
291, 270,  0.76611, -5.96046E-08,  0.27148,  0.97722, -0.0007,  0.21224,  0.10419,  0.50
292, 272,  0.77637, -5.96046E-08,  0.22424,  0.97722, -0.0007,  0.21224,  0.08331,  0.50
293, 273,  0.76709,  0.18286,  0.26636,  0.97722,  0.00071,  0.21224,  0.10419,  1.00
294, 274,  0.76709, -0.18286,  0.26636,  0.97721, -0.00071,  0.21225,  0.10419,  0.00
295, 275,  0.77734, -0.16138,  0.21924,  0.97721, -0.00071,  0.21225,  0.08331,  0.00
296, 276,  0.76611, -5.96046E-08,  0.27148,  0.97721, -0.00071,  0.21225,  0.10419,  0.50
297, 275,  0.77734, -0.16138,  0.21924,  0.97721, -0.00071,  0.21225,  0.08331,  0.00
298, 274,  0.76709, -0.18286,  0.26636,  0.97721, -0.00071,  0.21225,  0.10419,  0.00
299, 277,  0.77734, -0.22815,  0.21924,  0.97715,  0.00,  0.21256,  0.08331, -0.21069
300, 278,  0.75146,  0.00,  0.32178,  0.9601, -0.00268,  0.27963,  0.125,  0.50
301, 279,  0.76709, -0.18286,  0.26636,  0.9601, -0.00268,  0.27963,  0.10419,  0.00
302, 280,  0.76611, -5.96046E-08,  0.27148,  0.9601, -0.00268,  0.27963,  0.10419,  0.50
303, 278,  0.75146,  0.00,  0.32178,  0.9601, -0.00268,  0.27963,  0.125,  0.50
304, 280,  0.76611, -5.96046E-08,  0.27148,  0.9601, -0.00268,  0.27963,  0.10419,  0.50
305, 281,  0.75342,  0.20471,  0.31689,  0.9601, -0.00251,  0.27963,  0.125,  1.00
306, 282,  0.75342, -0.20471,  0.31689,  0.96497,  0.00297,  0.26234,  0.125,  0.00
307, 283,  0.76709, -0.18286,  0.26636,  0.96497,  0.00297,  0.26234,  0.10419,  0.00
308, 284,  0.75146,  0.00,  0.32178,  0.96497,  0.00297,  0.26234,  0.125,  0.50
309, 283,  0.76709, -0.18286,  0.26636,  0.96497,  0.00297,  0.26234,  0.10419,  0.00
310, 282,  0.75342, -0.20471,  0.31689,  0.96497,  0.00297,  0.26234,  0.125,  0.00
311, 285,  0.76709, -0.25708,  0.26636,  0.9653,  0.00,  0.26115,  0.10419, -0.21069
312, 286,  0.73291,  0.00,  0.37378,  0.94186,  0.00099,  0.33599,  0.14587,  0.50
313, 287,  0.75342, -0.20471,  0.31689,  0.94186,  0.00099,  0.33599,  0.125,  0.00
314, 288,  0.75146,  0.00,  0.32178,  0.94186,  0.00099,  0.33599,  0.125,  0.50
315, 286,  0.73291,  0.00,  0.37378,  0.94186,  0.00099,  0.33599,  0.14587,  0.50
316, 288,  0.75146,  0.00,  0.32178,  0.94186,  0.00099,  0.33599,  0.125,  0.50
317, 289,  0.73486,  0.22644,  0.36914,  0.94186, -0.00123,  0.33599,  0.14587,  1.00
318, 290,  0.73486, -0.22644,  0.36914,  0.94215,  0.00125,  0.33518,  0.14587,  0.00
319, 291,  0.75342, -0.20471,  0.31689,  0.94215,  0.00125,  0.33518,  0.125,  0.00
320, 292,  0.73291,  0.00,  0.37378,  0.94215,  0.00125,  0.33518,  0.14587,  0.50
321, 291,  0.75342, -0.20471,  0.31689,  0.94215,  0.00125,  0.33518,  0.125,  0.00
322, 290,  0.73486, -0.22644,  0.36914,  0.94215,  0.00125,  0.33518,  0.14587,  0.00
323, 293,  0.75342, -0.28662,  0.31689,  0.94232,  0.00,  0.33472,  0.125, -0.21069
324, 294,  0.70947,  0.00,  0.42651,  0.91378, -0.00045,  0.4062,  0.16663,  0.50
325, 295,  0.73486, -0.22644,  0.36914,  0.91378, -0.00045,  0.4062,  0.14587,  0.00
326, 296,  0.73291,  0.00,  0.37378,  0.91378, -0.00045,  0.4062,  0.14587,  0.50
327, 294,  0.70947,  0.00,  0.42651,  0.91378, -0.00045,  0.4062,  0.16663,  0.50
328, 296,  0.73291,  0.00,  0.37378,  0.91378, -0.00045,  0.4062,  0.14587,  0.50
329, 297,  0.71143,  0.24805,  0.42236,  0.91378, -0.00042,  0.4062,  0.16663,  1.00
330, 298,  0.71143, -0.24805,  0.42236,  0.91516,  0.00049,  0.40309,  0.16663,  0.00
331, 299,  0.73486, -0.22644,  0.36914,  0.91516,  0.00049,  0.40309,  0.14587,  0.00
332, 300,  0.70947,  0.00,  0.42651,  0.91516,  0.00049,  0.40309,  0.16663,  0.50
333, 299,  0.73486, -0.22644,  0.36914,  0.91516,  0.00049,  0.40309,  0.14587,  0.00
334, 298,  0.71143, -0.24805,  0.42236,  0.91516,  0.00049,  0.40309,  0.16663,  0.00
335, 301,  0.73486, -0.31665,  0.36914,  0.91523,  0.00,  0.40293,  0.14587, -0.21069
336, 302,  0.68164,  0.00,  0.47876,  0.88261, -0.00089,  0.47011,  0.1875,  0.50
337, 303,  0.71143, -0.24805,  0.42236,  0.88261, -0.00089,  0.47011,  0.16663,  0.00
338, 304,  0.70947,  0.00,  0.42651,  0.88261, -0.00089,  0.47011,  0.16663,  0.50
339, 302,  0.68164,  0.00,  0.47876,  0.88261, -0.00089,  0.47011,  0.1875,  0.50
340, 304,  0.70947,  0.00,  0.42651,  0.88261, -0.00089,  0.47011,  0.16663,  0.50
341, 305,  0.68359,  0.26904,  0.47534,  0.88261, -0.00042,  0.47011,  0.1875,  1.00
342, 306,  0.68359, -0.26904,  0.47534,  0.88514,  0.0005,  0.46532,  0.1875,  0.00
343, 307,  0.71143, -0.24805,  0.42236,  0.88514,  0.0005,  0.46532,  0.16663,  0.00
344, 308,  0.68164,  0.00,  0.47876,  0.88514,  0.0005,  0.46532,  0.1875,  0.50
345, 307,  0.71143, -0.24805,  0.42236,  0.88514,  0.0005,  0.46532,  0.16663,  0.00
346, 306,  0.68359, -0.26904,  0.47534,  0.88514,  0.0005,  0.46532,  0.1875,  0.00
347, 309,  0.71143, -0.34668,  0.42236,  0.88522,  0.00,  0.46517,  0.16663, -0.21069
348, 310,  0.64941,  0.00,  0.52979,  0.84548, -0.00066,  0.534,  0.20837,  0.50
349, 311,  0.68359, -0.26904,  0.47534,  0.84548, -0.00066,  0.534,  0.1875,  0.00
350, 312,  0.68164,  0.00,  0.47876,  0.84548, -0.00066,  0.534,  0.1875,  0.50
351, 310,  0.64941,  0.00,  0.52979,  0.84548, -0.00066,  0.534,  0.20837,  0.50
352, 312,  0.68164,  0.00,  0.47876,  0.84548, -0.00066,  0.534,  0.1875,  0.50
353, 313,  0.65088,  0.28931,  0.52734,  0.84548,  0.00023,  0.534,  0.20837,  1.00
354, 314,  0.65088, -0.28931,  0.52734,  0.84649, -0.00021,  0.5324,  0.20837,  0.00
355, 315,  0.68359, -0.26904,  0.47534,  0.84649, -0.00021,  0.5324,  0.1875,  0.00
356, 316,  0.64941,  0.00,  0.52979,  0.84649, -0.00021,  0.5324,  0.20837,  0.50
357, 315,  0.68359, -0.26904,  0.47534,  0.84649, -0.00021,  0.5324,  0.1875,  0.00
358, 314,  0.65088, -0.28931,  0.52734,  0.84649, -0.00021,  0.5324,  0.20837,  0.00
359, 317,  0.68359, -0.37598,  0.47534,  0.84646,  0.00,  0.53246,  0.1875, -0.21069
360, 318,  0.61279,  0.00,  0.57861,  0.79996, -0.00102,  0.60005,  0.22913,  0.50
361, 319,  0.65088, -0.28931,  0.52734,  0.79996, -0.00102,  0.60005,  0.20837,  0.00
362, 320,  0.64941,  0.00,  0.52979,  0.79996, -0.00102,  0.60005,  0.20837,  0.50
363, 318,  0.61279,  0.00,  0.57861,  0.79996, -0.00102,  0.60005,  0.22913,  0.50
364, 320,  0.64941,  0.00,  0.52979,  0.79996, -0.00102,  0.60005,  0.20837,  0.50
365, 321,  0.61426,  0.30884,  0.57666,  0.79996, -0.00002,  0.60005,  0.22913,  1.00
366, 322,  0.61426, -0.30884,  0.57666,  0.80287,  0.00006,  0.59615,  0.22913,  0.00
367, 323,  0.65088, -0.28931,  0.52734,  0.80287,  0.00006,  0.59615,  0.20837,  0.00
368, 324,  0.61279,  0.00,  0.57861,  0.80287,  0.00006,  0.59615,  0.22913,  0.50
369, 323,  0.65088, -0.28931,  0.52734,  0.80287,  0.00006,  0.59615,  0.20837,  0.00
370, 322,  0.61426, -0.30884,  0.57666,  0.80287,  0.00006,  0.59615,  0.22913,  0.00
371, 325,  0.65088, -0.4043,  0.52734,  0.80288,  0.00,  0.59614,  0.20837, -0.21069
372, 325,  0.65088, -0.4043,  0.52734,  0.80288,  0.00,  0.59614,  0.20837, -0.21069
373, 322,  0.61426, -0.30884,  0.57666,  0.80287,  0.00006,  0.59615,  0.22913,  0.00
374, 326,  0.61426, -0.4314,  0.57666,  0.80288,  0.00,  0.59614,  0.22913, -0.21069
375, 327,  0.57275,  0.00,  0.62402,  0.75006, -0.00061,  0.66137,  0.25,  0.50
376, 328,  0.61426, -0.30884,  0.57666,  0.75006, -0.00061,  0.66137,  0.22913,  0.00
377, 329,  0.61279,  0.00,  0.57861,  0.75006, -0.00061,  0.66136,  0.22913,  0.50
378, 327,  0.57275,  0.00,  0.62402,  0.75006, -0.00061,  0.66137,  0.25,  0.50
379, 329,  0.61279,  0.00,  0.57861,  0.75006, -0.00061,  0.66136,  0.22913,  0.50
380, 330,  0.57373,  0.3269,  0.62256,  0.75006,  0.00071,  0.66136,  0.25,  1.00
381, 331,  0.57373, -0.3269,  0.62256,  0.74973, -0.00071,  0.66174,  0.25,  0.00
382, 332,  0.61426, -0.30884,  0.57666,  0.74973, -0.00071,  0.66174,  0.22913,  0.00
383, 333,  0.57275,  0.00,  0.62402,  0.74973, -0.00071,  0.66174,  0.25,  0.50
384, 332,  0.61426, -0.30884,  0.57666,  0.74973, -0.00071,  0.66174,  0.22913,  0.00
385, 331,  0.57373, -0.3269,  0.62256,  0.74973, -0.00071,  0.66174,  0.25,  0.00
386, 334,  0.61426, -0.4314,  0.57666,  0.74959,  0.00,  0.6619,  0.22913, -0.21069
387, 335,  0.52979,  0.00,  0.66553,  0.69487, -0.00113,  0.71914,  0.27075,  0.50
388, 336,  0.57373, -0.3269,  0.62256,  0.69487, -0.00113,  0.71914,  0.25,  0.00
389, 337,  0.57275,  0.00,  0.62402,  0.69487, -0.00113,  0.71914,  0.25,  0.50
390, 335,  0.52979,  0.00,  0.66553,  0.69487, -0.00113,  0.71914,  0.27075,  0.50
391, 337,  0.57275,  0.00,  0.62402,  0.69487, -0.00113,  0.71914,  0.25,  0.50
392, 338,  0.53076,  0.34351,  0.66504,  0.69487, -0.00094,  0.71914,  0.27075,  1.00
393, 339,  0.53076, -0.34351,  0.66504,  0.70285,  0.00097,  0.71134,  0.27075,  0.00
394, 340,  0.57373, -0.3269,  0.62256,  0.70285,  0.00097,  0.71134,  0.25,  0.00
395, 341,  0.52979,  0.00,  0.66553,  0.70285,  0.00097,  0.71134,  0.27075,  0.50
396, 340,  0.57373, -0.3269,  0.62256,  0.70285,  0.00097,  0.71134,  0.25,  0.00
397, 339,  0.53076, -0.34351,  0.66504,  0.70285,  0.00097,  0.71134,  0.27075,  0.00
398, 342,  0.57373, -0.45679,  0.62256,  0.70304,  0.00,  0.71115,  0.25, -0.21069
399, 343,  0.48535,  0.00,  0.70313,  0.64591,  0.00073,  0.76341,  0.29175,  0.50
400, 344,  0.53076, -0.34351,  0.66504,  0.64591,  0.00073,  0.76341,  0.27075,  0.00
401, 345,  0.52979,  0.00,  0.66553,  0.64591,  0.00073,  0.76341,  0.27075,  0.50
402, 343,  0.48535,  0.00,  0.70313,  0.64591,  0.00073,  0.76341,  0.29175,  0.50
403, 345,  0.52979,  0.00,  0.66553,  0.64591,  0.00073,  0.76341,  0.27075,  0.50
404, 346,  0.48584,  0.35815,  0.70313,  0.64591, -0.00088,  0.76341,  0.29175,  1.00
405, 347,  0.48584, -0.35815,  0.70313,  0.64657,  0.00088,  0.76285,  0.29175,  0.00
406, 348,  0.53076, -0.34351,  0.66504,  0.64657,  0.00088,  0.76285,  0.27075,  0.00
407, 349,  0.48535,  0.00,  0.70313,  0.64657,  0.00088,  0.76285,  0.29175,  0.50
408, 348,  0.53076, -0.34351,  0.66504,  0.64657,  0.00088,  0.76285,  0.27075,  0.00
409, 347,  0.48584, -0.35815,  0.70313,  0.64657,  0.00088,  0.76285,  0.29175,  0.00
410, 350,  0.53076, -0.47998,  0.66504,  0.64674,  0.00,  0.76271,  0.27075, -0.21069
411, 351,  0.43994,  0.00,  0.73633,  0.5902,  0.00081,  0.80726,  0.3125,  0.50
412, 352,  0.48584, -0.35815,  0.70313,  0.5902,  0.00081,  0.80726,  0.29175,  0.00
413, 353,  0.48535,  0.00,  0.70313,  0.5902,  0.00081,  0.80726,  0.29175,  0.50
414, 351,  0.43994,  0.00,  0.73633,  0.5902,  0.00081,  0.80726,  0.3125,  0.50
415, 353,  0.48535,  0.00,  0.70313,  0.5902,  0.00081,  0.80726,  0.29175,  0.50
416, 354,  0.43994,  0.37109,  0.73584,  0.5902,  0.00107,  0.80726,  0.3125,  1.00
417, 355,  0.43994, -0.37109,  0.73584,  0.58055, -0.00108,  0.81422,  0.3125,  0.00
418, 356,  0.48584, -0.35815,  0.70313,  0.58055, -0.00108,  0.81422,  0.29175,  0.00
419, 357,  0.43994,  0.00,  0.73633,  0.58055, -0.00108,  0.81422,  0.3125,  0.50
420, 356,  0.48584, -0.35815,  0.70313,  0.58055, -0.00108,  0.81422,  0.29175,  0.00
421, 355,  0.43994, -0.37109,  0.73584,  0.58055, -0.00108,  0.81422,  0.3125,  0.00
422, 358,  0.48584, -0.50049,  0.70313,  0.58035,  0.00,  0.81437,  0.29175, -0.21069
423, 359,  0.39478,  0.00,  0.76416,  0.52463, -0.00112,  0.85133,  0.33325,  0.50
424, 360,  0.43994, -0.37109,  0.73584,  0.52463, -0.00112,  0.85133,  0.3125,  0.00
425, 361,  0.43994,  0.00,  0.73633,  0.52463, -0.00112,  0.85133,  0.3125,  0.50
426, 359,  0.39478,  0.00,  0.76416,  0.52463, -0.00112,  0.85133,  0.33325,  0.50
427, 361,  0.43994,  0.00,  0.73633,  0.52463, -0.00112,  0.85133,  0.3125,  0.50
428, 362,  0.39478,  0.38159,  0.76416,  0.52463,  0.00,  0.85133,  0.33325,  1.00
429, 363,  0.39478, -0.38159,  0.76416,  0.53128,  0.00,  0.8472,  0.33325,  0.00
430, 364,  0.43994, -0.37109,  0.73584,  0.53128,  0.00,  0.8472,  0.3125,  0.00
431, 365,  0.39478,  0.00,  0.76416,  0.53128,  0.00,  0.8472,  0.33325,  0.50
432, 364,  0.43994, -0.37109,  0.73584,  0.53128,  0.00,  0.8472,  0.3125,  0.00
433, 363,  0.39478, -0.38159,  0.76416,  0.53128,  0.00,  0.8472,  0.33325,  0.00
434, 366,  0.43994, -0.51855,  0.73584,  0.53128,  0.00,  0.8472,  0.3125, -0.21069
435, 367,  0.34912,  0.00,  0.78857,  0.47146,  0.00,  0.88189,  0.35425,  0.50
436, 368,  0.39478, -0.38159,  0.76416,  0.47146,  0.00,  0.88189,  0.33325,  0.00
437, 369,  0.39478,  0.00,  0.76416,  0.47146,  0.00,  0.88189,  0.33325,  0.50
438, 367,  0.34912,  0.00,  0.78857,  0.47146,  0.00,  0.88189,  0.35425,  0.50
439, 369,  0.39478,  0.00,  0.76416,  0.47146,  0.00,  0.88189,  0.33325,  0.50
440, 370,  0.34912,  0.39038,  0.78857,  0.47146,  0.00,  0.88189,  0.35425,  1.00
441, 371,  0.34912, -0.39038,  0.78857,  0.47146,  0.00,  0.88189,  0.35425,  0.00
442, 372,  0.39478, -0.38159,  0.76416,  0.47146,  0.00,  0.88189,  0.33325,  0.00
443, 373,  0.34912,  0.00,  0.78857,  0.47146,  0.00,  0.88189,  0.35425,  0.50
444, 372,  0.39478, -0.38159,  0.76416,  0.47146,  0.00,  0.88189,  0.33325,  0.00
445, 371,  0.34912, -0.39038,  0.78857,  0.47146,  0.00,  0.88189,  0.35425,  0.00
446, 374,  0.39478, -0.53369,  0.76416,  0.47146,  0.00,  0.88189,  0.33325, -0.21069
447, 375,  0.302,  0.00,  0.81006,  0.41495,  0.00,  0.90984,  0.375,  0.50
448, 376,  0.34912, -0.39038,  0.78857,  0.41495,  0.00,  0.90984,  0.35425,  0.00
449, 377,  0.34912,  0.00,  0.78857,  0.41495,  0.00,  0.90984,  0.35425,  0.50
450, 375,  0.302,  0.00,  0.81006,  0.41495,  0.00,  0.90984,  0.375,  0.50
451, 377,  0.34912,  0.00,  0.78857,  0.41495,  0.00,  0.90984,  0.35425,  0.50
452, 378,  0.302,  0.39795,  0.81006,  0.41495,  0.00,  0.90984,  0.375,  1.00
453, 379,  0.302, -0.39795,  0.81006,  0.41495,  0.00,  0.90984,  0.375,  0.00
454, 380,  0.34912, -0.39038,  0.78857,  0.41495,  0.00,  0.90984,  0.35425,  0.00
455, 381,  0.302,  0.00,  0.81006,  0.41495,  0.00,  0.90984,  0.375,  0.50
456, 380,  0.34912, -0.39038,  0.78857,  0.41495,  0.00,  0.90984,  0.35425,  0.00
457, 379,  0.302, -0.39795,  0.81006,  0.41495,  0.00,  0.90984,  0.375,  0.00
458, 382,  0.34912, -0.54639,  0.78857,  0.41495,  0.00,  0.90984,  0.35425, -0.21069
459, 383,  0.25366,  0.00,  0.82813,  0.35015,  0.00,  0.9367,  0.39575,  0.50
460, 384,  0.302, -0.39795,  0.81006,  0.35015,  0.00,  0.9367,  0.375,  0.00
461, 385,  0.302,  0.00,  0.81006,  0.35015,  0.00,  0.9367,  0.375,  0.50
462, 383,  0.25366,  0.00,  0.82813,  0.35015,  0.00,  0.9367,  0.39575,  0.50
463, 385,  0.302,  0.00,  0.81006,  0.35015,  0.00,  0.9367,  0.375,  0.50
464, 386,  0.25366,  0.4043,  0.82813,  0.35015,  0.00,  0.9367,  0.39575,  1.00
465, 387,  0.25366, -0.4043,  0.82813,  0.35015,  0.00,  0.9367,  0.39575,  0.00
466, 388,  0.302, -0.39795,  0.81006,  0.35015,  0.00,  0.9367,  0.375,  0.00
467, 389,  0.25366,  0.00,  0.82813,  0.35015,  0.00,  0.9367,  0.39575,  0.50
468, 388,  0.302, -0.39795,  0.81006,  0.35015,  0.00,  0.9367,  0.375,  0.00
469, 387,  0.25366, -0.4043,  0.82813,  0.35015,  0.00,  0.9367,  0.39575,  0.00
470, 390,  0.302, -0.55713,  0.81006,  0.35015,  0.00,  0.9367,  0.375, -0.21069
471, 391,  0.20435,  0.00,  0.84326,  0.29334,  0.00,  0.95601,  0.41675,  0.50
472, 392,  0.25366, -0.4043,  0.82813,  0.29334,  0.00,  0.95601,  0.39575,  0.00
473, 393,  0.25366,  0.00,  0.82813,  0.29334,  0.00,  0.95601,  0.39575,  0.50
474, 391,  0.20435,  0.00,  0.84326,  0.29334,  0.00,  0.95601,  0.41675,  0.50
475, 393,  0.25366,  0.00,  0.82813,  0.29334,  0.00,  0.95601,  0.39575,  0.50
476, 394,  0.20435,  0.40967,  0.84326,  0.29334,  0.00,  0.95601,  0.41675,  1.00
477, 395,  0.20435, -0.40967,  0.84326,  0.29334,  0.00,  0.95601,  0.41675,  0.00
478, 396,  0.25366, -0.4043,  0.82813,  0.29334,  0.00,  0.95601,  0.39575,  0.00
479, 397,  0.20435,  0.00,  0.84326,  0.29334,  0.00,  0.95601,  0.41675,  0.50
480, 396,  0.25366, -0.4043,  0.82813,  0.29334,  0.00,  0.95601,  0.39575,  0.00
481, 395,  0.20435, -0.40967,  0.84326,  0.29334,  0.00,  0.95601,  0.41675,  0.00
482, 398,  0.25366, -0.56641,  0.82813,  0.29334,  0.00,  0.95601,  0.39575, -0.21069
483, 398,  0.25366, -0.56641,  0.82813,  0.29334,  0.00,  0.95601,  0.39575, -0.21069
484, 395,  0.20435, -0.40967,  0.84326,  0.29334,  0.00,  0.95601,  0.41675,  0.00
485, 399,  0.20435, -0.57422,  0.84326,  0.29334,  0.00,  0.95601,  0.41675, -0.21069
486, 400,  0.15405,  0.00,  0.85498,  0.22692,  0.00,  0.97391,  0.4375,  0.50
487, 401,  0.20435, -0.40967,  0.84326,  0.22692,  0.00,  0.97391,  0.41675,  0.00
488, 402,  0.20435,  0.00,  0.84326,  0.22692,  0.00,  0.97391,  0.41675,  0.50
489, 400,  0.15405,  0.00,  0.85498,  0.22692,  0.00,  0.97391,  0.4375,  0.50
490, 402,  0.20435,  0.00,  0.84326,  0.22692,  0.00,  0.97391,  0.41675,  0.50
491, 403,  0.15405,  0.41382,  0.85498,  0.22692,  0.00,  0.97391,  0.4375,  1.00
492, 404,  0.15405, -0.41382,  0.85498,  0.22692,  0.00,  0.97391,  0.4375,  0.00
493, 405,  0.20435, -0.40967,  0.84326,  0.22692,  0.00,  0.97391,  0.41675,  0.00
494, 406,  0.15405,  0.00,  0.85498,  0.22692,  0.00,  0.97391,  0.4375,  0.50
495, 405,  0.20435, -0.40967,  0.84326,  0.22692,  0.00,  0.97391,  0.41675,  0.00
496, 404,  0.15405, -0.41382,  0.85498,  0.22692,  0.00,  0.97391,  0.4375,  0.00
497, 407,  0.20435, -0.57422,  0.84326,  0.22692,  0.00,  0.97391,  0.41675, -0.21069
498, 407,  0.20435, -0.57422,  0.84326,  0.22692,  0.00,  0.97391,  0.41675, -0.21069
499, 404,  0.15405, -0.41382,  0.85498,  0.22692,  0.00,  0.97391,  0.4375,  0.00
500, 408,  0.15405, -0.58008,  0.85498,  0.22692,  0.00,  0.97391,  0.4375, -0.21069
501, 409,  0.10303,  0.00,  0.86328,  0.16057,  0.00,  0.98702,  0.45825,  0.50
502, 410,  0.15405, -0.41382,  0.85498,  0.16057,  0.00,  0.98702,  0.4375,  0.00
503, 411,  0.15405,  0.00,  0.85498,  0.16057,  0.00,  0.98702,  0.4375,  0.50
504, 409,  0.10303,  0.00,  0.86328,  0.16057,  0.00,  0.98702,  0.45825,  0.50
505, 411,  0.15405,  0.00,  0.85498,  0.16057,  0.00,  0.98702,  0.4375,  0.50
506, 412,  0.10303,  0.41699,  0.86328,  0.16057,  0.00,  0.98702,  0.45825,  1.00
507, 413,  0.10303, -0.41699,  0.86328,  0.16057,  0.00,  0.98702,  0.45825,  0.00
508, 414,  0.15405, -0.41382,  0.85498,  0.16057,  0.00,  0.98702,  0.4375,  0.00
509, 415,  0.10303,  0.00,  0.86328,  0.16057,  0.00,  0.98702,  0.45825,  0.50
510, 414,  0.15405, -0.41382,  0.85498,  0.16057,  0.00,  0.98702,  0.4375,  0.00
511, 413,  0.10303, -0.41699,  0.86328,  0.16057,  0.00,  0.98702,  0.45825,  0.00
512, 416,  0.15405, -0.58008,  0.85498,  0.16057,  0.00,  0.98702,  0.4375, -0.21069
513, 416,  0.15405, -0.58008,  0.85498,  0.16057,  0.00,  0.98702,  0.4375, -0.21069
514, 413,  0.10303, -0.41699,  0.86328,  0.16057,  0.00,  0.98702,  0.45825,  0.00
515, 417,  0.10303, -0.58447,  0.86328,  0.16057,  0.00,  0.98702,  0.45825, -0.21069
516, 418, -0.15405,  0.00,  0.85498, -0.16057,  0.00,  0.98702,  0.5625,  0.50
517, 419, -0.10303, -0.41724,  0.86328, -0.16057,  0.00,  0.98702,  0.5415,  0.00
518, 420, -0.10303,  0.00,  0.86328, -0.16057,  0.00,  0.98702,  0.5415,  0.50
519, 418, -0.15405,  0.00,  0.85498, -0.16057,  0.00,  0.98702,  0.5625,  0.50
520, 420, -0.10303,  0.00,  0.86328, -0.16057,  0.00,  0.98702,  0.5415,  0.50
521, 421, -0.15405,  0.41431,  0.85498, -0.16057,  0.00,  0.98702,  0.5625,  1.00
522, 422, -0.15405, -0.41431,  0.85498, -0.16057,  0.00,  0.98702,  0.5625,  0.00
523, 423, -0.10303, -0.41724,  0.86328, -0.16057,  0.00,  0.98702,  0.5415,  0.00
524, 424, -0.15405,  0.00,  0.85498, -0.16057,  0.00,  0.98702,  0.5625,  0.50
525, 423, -0.10303, -0.41724,  0.86328, -0.16057,  0.00,  0.98702,  0.5415,  0.00
526, 422, -0.15405, -0.41431,  0.85498, -0.16057,  0.00,  0.98702,  0.5625,  0.00
527, 425, -0.10303, -0.58447,  0.86328, -0.16057,  0.00,  0.98702,  0.5415, -0.21069
528, 425, -0.10303, -0.58447,  0.86328, -0.16057,  0.00,  0.98702,  0.5415, -0.21069
529, 422, -0.15405, -0.41431,  0.85498, -0.16057,  0.00,  0.98702,  0.5625,  0.00
530, 426, -0.15405, -0.58057,  0.85498, -0.16057,  0.00,  0.98702,  0.5625, -0.21069
531, 427, -0.20435,  0.00,  0.84326, -0.22692,  0.00,  0.97391,  0.5835,  0.50
532, 428, -0.15405, -0.41431,  0.85498, -0.22692,  0.00,  0.97391,  0.5625,  0.00
533, 429, -0.15405,  0.00,  0.85498, -0.22692,  0.00,  0.97391,  0.5625,  0.50
534, 427, -0.20435,  0.00,  0.84326, -0.22692,  0.00,  0.97391,  0.5835,  0.50
535, 429, -0.15405,  0.00,  0.85498, -0.22692,  0.00,  0.97391,  0.5625,  0.50
536, 430, -0.20435,  0.41016,  0.84326, -0.22692,  0.00,  0.97391,  0.5835,  1.00
537, 431, -0.20435, -0.41016,  0.84326, -0.22692,  0.00,  0.97391,  0.5835,  0.00
538, 432, -0.15405, -0.41431,  0.85498, -0.22692,  0.00,  0.97391,  0.5625,  0.00
539, 433, -0.20435,  0.00,  0.84326, -0.22692,  0.00,  0.97391,  0.5835,  0.50
540, 432, -0.15405, -0.41431,  0.85498, -0.22692,  0.00,  0.97391,  0.5625,  0.00
541, 431, -0.20435, -0.41016,  0.84326, -0.22692,  0.00,  0.97391,  0.5835,  0.00
542, 434, -0.15405, -0.58057,  0.85498, -0.22692,  0.00,  0.97391,  0.5625, -0.21069
543, 434, -0.15405, -0.58057,  0.85498, -0.22692,  0.00,  0.97391,  0.5625, -0.21069
544, 431, -0.20435, -0.41016,  0.84326, -0.22692,  0.00,  0.97391,  0.5835,  0.00
545, 435, -0.20435, -0.57471,  0.84326, -0.22692,  0.00,  0.97391,  0.5835, -0.21069
546, 436, -0.25366,  0.00,  0.82813, -0.29334,  0.00,  0.95601,  0.604,  0.50
547, 437, -0.20435, -0.41016,  0.84326, -0.29334,  0.00,  0.95601,  0.5835,  0.00
548, 438, -0.20435,  0.00,  0.84326, -0.29334,  0.00,  0.95601,  0.5835,  0.50
549, 436, -0.25366,  0.00,  0.82813, -0.29334,  0.00,  0.95601,  0.604,  0.50
550, 438, -0.20435,  0.00,  0.84326, -0.29334,  0.00,  0.95601,  0.5835,  0.50
551, 439, -0.25366,  0.40479,  0.82813, -0.29334,  0.00,  0.95601,  0.604,  1.00
552, 440, -0.25366, -0.40479,  0.82813, -0.29334,  0.00,  0.95601,  0.604,  0.00
553, 441, -0.20435, -0.41016,  0.84326, -0.29334,  0.00,  0.95601,  0.5835,  0.00
554, 442, -0.25366,  0.00,  0.82813, -0.29334,  0.00,  0.95601,  0.604,  0.50
555, 441, -0.20435, -0.41016,  0.84326, -0.29334,  0.00,  0.95601,  0.5835,  0.00
556, 440, -0.25366, -0.40479,  0.82813, -0.29334,  0.00,  0.95601,  0.604,  0.00
557, 443, -0.20435, -0.57471,  0.84326, -0.29334,  0.00,  0.95601,  0.5835, -0.21069
558, 443, -0.20435, -0.57471,  0.84326, -0.29334,  0.00,  0.95601,  0.5835, -0.21069
559, 440, -0.25366, -0.40479,  0.82813, -0.29334,  0.00,  0.95601,  0.604,  0.00
560, 444, -0.25366, -0.56689,  0.82813, -0.29334,  0.00,  0.95601,  0.604, -0.21069
561, 445, -0.302,  0.00,  0.81006, -0.35015,  0.00,  0.9367,  0.625,  0.50
562, 446, -0.25366, -0.40479,  0.82813, -0.35015,  0.00,  0.9367,  0.604,  0.00
563, 447, -0.25366,  0.00,  0.82813, -0.35015,  0.00,  0.9367,  0.604,  0.50
564, 445, -0.302,  0.00,  0.81006, -0.35015,  0.00,  0.9367,  0.625,  0.50
565, 447, -0.25366,  0.00,  0.82813, -0.35015,  0.00,  0.9367,  0.604,  0.50
566, 448, -0.302,  0.39819,  0.81006, -0.35015,  0.00,  0.9367,  0.625,  1.00
567, 449, -0.302, -0.39819,  0.81006, -0.35015,  0.00,  0.9367,  0.625,  0.00
568, 450, -0.25366, -0.40479,  0.82813, -0.35015,  0.00,  0.9367,  0.604,  0.00
569, 451, -0.302,  0.00,  0.81006, -0.35015,  0.00,  0.9367,  0.625,  0.50
570, 450, -0.25366, -0.40479,  0.82813, -0.35015,  0.00,  0.9367,  0.604,  0.00
571, 449, -0.302, -0.39819,  0.81006, -0.35015,  0.00,  0.9367,  0.625,  0.00
572, 452, -0.25366, -0.56689,  0.82813, -0.35015,  0.00,  0.9367,  0.604, -0.21069
573, 453, -0.34912,  0.00,  0.78857, -0.41495,  0.00,  0.90984,  0.646,  0.50
574, 454, -0.302, -0.39819,  0.81006, -0.41495,  0.00,  0.90984,  0.625,  0.00
575, 455, -0.302,  0.00,  0.81006, -0.41495,  0.00,  0.90984,  0.625,  0.50
576, 453, -0.34912,  0.00,  0.78857, -0.41495,  0.00,  0.90984,  0.646,  0.50
577, 455, -0.302,  0.00,  0.81006, -0.41495,  0.00,  0.90984,  0.625,  0.50
578, 456, -0.34912,  0.39063,  0.78857, -0.41495,  0.00,  0.90984,  0.646,  1.00
579, 457, -0.34912, -0.39063,  0.78857, -0.41495,  0.00,  0.90984,  0.646,  0.00
580, 458, -0.302, -0.39819,  0.81006, -0.41495,  0.00,  0.90984,  0.625,  0.00
581, 459, -0.34912,  0.00,  0.78857, -0.41495,  0.00,  0.90984,  0.646,  0.50
582, 458, -0.302, -0.39819,  0.81006, -0.41495,  0.00,  0.90984,  0.625,  0.00
583, 457, -0.34912, -0.39063,  0.78857, -0.41495,  0.00,  0.90984,  0.646,  0.00
584, 460, -0.302, -0.55762,  0.81006, -0.41495,  0.00,  0.90984,  0.625, -0.21069
585, 461, -0.39478,  0.00,  0.76416, -0.47146,  0.00,  0.88189,  0.6665,  0.50
586, 462, -0.34912, -0.39063,  0.78857, -0.47146,  0.00,  0.88189,  0.646,  0.00
587, 463, -0.34912,  0.00,  0.78857, -0.47146,  0.00,  0.88189,  0.646,  0.50
588, 461, -0.39478,  0.00,  0.76416, -0.47146,  0.00,  0.88189,  0.6665,  0.50
589, 463, -0.34912,  0.00,  0.78857, -0.47146,  0.00,  0.88189,  0.646,  0.50
590, 464, -0.39478,  0.38159,  0.76416, -0.47146,  0.00,  0.88189,  0.6665,  1.00
591, 465, -0.39478, -0.38159,  0.76416, -0.47146,  0.00,  0.88189,  0.6665,  0.00
592, 466, -0.34912, -0.39063,  0.78857, -0.47146,  0.00,  0.88189,  0.646,  0.00
593, 467, -0.39478,  0.00,  0.76416, -0.47146,  0.00,  0.88189,  0.6665,  0.50
594, 466, -0.34912, -0.39063,  0.78857, -0.47146,  0.00,  0.88189,  0.646,  0.00
595, 465, -0.39478, -0.38159,  0.76416, -0.47146,  0.00,  0.88189,  0.6665,  0.00
596, 468, -0.34912, -0.54639,  0.78857, -0.47146,  0.00,  0.88189,  0.646, -0.21069
597, 469, -0.43994,  0.00,  0.73584, -0.53128,  0.00,  0.8472,  0.6875,  0.50
598, 470, -0.39478, -0.38159,  0.76416, -0.53128,  0.00,  0.8472,  0.6665,  0.00
599, 471, -0.39478,  0.00,  0.76416, -0.53128,  0.00,  0.8472,  0.6665,  0.50
600, 469, -0.43994,  0.00,  0.73584, -0.53128,  0.00,  0.8472,  0.6875,  0.50
601, 471, -0.39478,  0.00,  0.76416, -0.53128,  0.00,  0.8472,  0.6665,  0.50
602, 472, -0.44019,  0.37061,  0.73584, -0.53128, -0.00036,  0.8472,  0.6875,  1.00
603, 473, -0.44019, -0.37061,  0.73584, -0.52911,  0.00036,  0.84855,  0.6875,  0.00
604, 474, -0.39478, -0.38159,  0.76416, -0.52911,  0.00036,  0.84855,  0.6665,  0.00
605, 475, -0.43994,  0.00,  0.73584, -0.52911,  0.00036,  0.84855,  0.6875,  0.50
606, 474, -0.39478, -0.38159,  0.76416, -0.52911,  0.00036,  0.84855,  0.6665,  0.00
607, 473, -0.44019, -0.37061,  0.73584, -0.52911,  0.00036,  0.84855,  0.6875,  0.00
608, 476, -0.39478, -0.53369,  0.76416, -0.52918,  0.00,  0.84851,  0.6665, -0.21069
609, 477, -0.4856,  0.00,  0.70313, -0.58237,  0.00039,  0.81293,  0.7085,  0.50
610, 478, -0.44019, -0.37061,  0.73584, -0.58237,  0.00039,  0.81293,  0.6875,  0.00
611, 479, -0.43994,  0.00,  0.73584, -0.58237,  0.00039,  0.81293,  0.6875,  0.50
612, 477, -0.4856,  0.00,  0.70313, -0.58237,  0.00039,  0.81293,  0.7085,  0.50
613, 479, -0.43994,  0.00,  0.73584, -0.58237,  0.00039,  0.81293,  0.6875,  0.50
614, 480, -0.48584,  0.35742,  0.70264, -0.58237,  0.00072,  0.81293,  0.7085,  1.00
615, 481, -0.48584, -0.35742,  0.70264, -0.58831, -0.00071,  0.80864,  0.7085,  0.00
616, 482, -0.44019, -0.37061,  0.73584, -0.58831, -0.00071,  0.80864,  0.6875,  0.00
617, 483, -0.4856,  0.00,  0.70313, -0.58831, -0.00071,  0.80864,  0.7085,  0.50
618, 482, -0.44019, -0.37061,  0.73584, -0.58831, -0.00071,  0.80864,  0.6875,  0.00
619, 481, -0.48584, -0.35742,  0.70264, -0.58831, -0.00071,  0.80864,  0.7085,  0.00
620, 484, -0.44019, -0.51807,  0.73584, -0.58817,  0.00,  0.80874,  0.6875, -0.21069
621, 485, -0.53027,  0.00,  0.66553, -0.64397, -0.00062,  0.76505,  0.729,  0.50
622, 486, -0.48584, -0.35742,  0.70264, -0.64397, -0.00062,  0.76505,  0.7085,  0.00
623, 487, -0.4856,  0.00,  0.70313, -0.64397, -0.00062,  0.76505,  0.7085,  0.50
624, 485, -0.53027,  0.00,  0.66553, -0.64397, -0.00062,  0.76505,  0.729,  0.50
625, 487, -0.4856,  0.00,  0.70313, -0.64397, -0.00062,  0.76505,  0.7085,  0.50
626, 488, -0.53076,  0.34229,  0.66504, -0.64397,  0.00017,  0.76505,  0.729,  1.00
627, 489, -0.53076, -0.34229,  0.66504, -0.6419, -0.00018,  0.76679,  0.729,  0.00
628, 490, -0.48584, -0.35742,  0.70264, -0.6419, -0.00018,  0.76679,  0.7085,  0.00
629, 491, -0.53027,  0.00,  0.66553, -0.6419, -0.00018,  0.76679,  0.729,  0.50
630, 490, -0.48584, -0.35742,  0.70264, -0.6419, -0.00018,  0.76679,  0.7085,  0.00
631, 489, -0.53076, -0.34229,  0.66504, -0.6419, -0.00018,  0.76679,  0.729,  0.00
632, 492, -0.48584, -0.50,  0.70264, -0.64186,  0.00,  0.76682,  0.7085, -0.21069
633, 493, -0.57324,  0.00,  0.62354, -0.6989, -0.00002,  0.71522,  0.75,  0.50
634, 494, -0.53076, -0.34229,  0.66504, -0.6989, -0.00002,  0.71522,  0.729,  0.00
635, 495, -0.53027,  0.00,  0.66553, -0.6989, -0.00002,  0.71522,  0.729,  0.50
636, 493, -0.57324,  0.00,  0.62354, -0.6989, -0.00002,  0.71522,  0.75,  0.50
637, 495, -0.53027,  0.00,  0.66553, -0.6989, -0.00002,  0.71522,  0.729,  0.50
638, 496, -0.57422,  0.32495,  0.62256, -0.6989,  0.00005,  0.71522,  0.75,  1.00
639, 497, -0.57422, -0.32495,  0.62256, -0.69901, -0.00005,  0.71511,  0.75,  0.00
640, 498, -0.53076, -0.34229,  0.66504, -0.69901, -0.00005,  0.71511,  0.729,  0.00
641, 499, -0.57324,  0.00,  0.62354, -0.69901, -0.00005,  0.71511,  0.75,  0.50
642, 498, -0.53076, -0.34229,  0.66504, -0.69901, -0.00005,  0.71511,  0.729,  0.00
643, 497, -0.57422, -0.32495,  0.62256, -0.69901, -0.00005,  0.71511,  0.75,  0.00
644, 500, -0.53076, -0.47876,  0.66504, -0.699,  0.00,  0.71512,  0.729, -0.21069
645, 501, -0.61328,  0.00,  0.57764, -0.75357,  0.00029,  0.65737,  0.771,  0.50
646, 502, -0.57422, -0.32495,  0.62256, -0.75357,  0.00029,  0.65737,  0.75,  0.00
647, 503, -0.57324,  0.00,  0.62354, -0.75357,  0.00029,  0.65737,  0.75,  0.50
648, 501, -0.61328,  0.00,  0.57764, -0.75357,  0.00029,  0.65737,  0.771,  0.50
649, 503, -0.57324,  0.00,  0.62354, -0.75357,  0.00029,  0.65737,  0.75,  0.50
650, 504, -0.61475,  0.3064,  0.57617, -0.75357, -0.00046,  0.65736,  0.771,  1.00
651, 505, -0.61475, -0.3064,  0.57617, -0.75298,  0.00046,  0.65804,  0.771,  0.00
652, 506, -0.57422, -0.32495,  0.62256, -0.75298,  0.00046,  0.65804,  0.75,  0.00
653, 507, -0.61328,  0.00,  0.57764, -0.75298,  0.00046,  0.65804,  0.771,  0.50
654, 506, -0.57422, -0.32495,  0.62256, -0.75298,  0.00046,  0.65804,  0.75,  0.00
655, 505, -0.61475, -0.3064,  0.57617, -0.75298,  0.00046,  0.65804,  0.771,  0.00
656, 508, -0.57422, -0.45483,  0.62256, -0.75307,  0.00,  0.65794,  0.75, -0.21069
657, 509, -0.6499,  0.00,  0.52881, -0.80002,  0.00096,  0.59997,  0.7915,  0.50
658, 510, -0.61475, -0.3064,  0.57617, -0.80002,  0.00096,  0.59997,  0.771,  0.00
659, 511, -0.61328,  0.00,  0.57764, -0.80002,  0.00096,  0.59997,  0.771,  0.50
660, 509, -0.6499,  0.00,  0.52881, -0.80002,  0.00096,  0.59997,  0.7915,  0.50
661, 511, -0.61328,  0.00,  0.57764, -0.80002,  0.00096,  0.59997,  0.771,  0.50
662, 512, -0.65137,  0.28638,  0.52637, -0.80002,  0.00101,  0.59997,  0.7915,  1.00
663, 513, -0.65137, -0.28638,  0.52637, -0.80581, -0.00091,  0.59218,  0.7915,  0.00
664, 514, -0.61475, -0.3064,  0.57617, -0.80581, -0.00091,  0.59218,  0.771,  0.00
665, 515, -0.6499,  0.00,  0.52881, -0.80581, -0.00091,  0.59218,  0.7915,  0.50
666, 514, -0.61475, -0.3064,  0.57617, -0.80581, -0.00091,  0.59218,  0.771,  0.00
667, 513, -0.65137, -0.28638,  0.52637, -0.80581, -0.00091,  0.59218,  0.7915,  0.00
668, 516, -0.61475, -0.42896,  0.57617, -0.80563,  0.00,  0.59241,  0.771, -0.21069
669, 517, -0.68213,  0.00,  0.47754, -0.84661, -0.00019,  0.53221,  0.8125,  0.50
670, 518, -0.65137, -0.28638,  0.52637, -0.84661, -0.00019,  0.53221,  0.7915,  0.00
671, 519, -0.6499,  0.00,  0.52881, -0.84661, -0.00019,  0.53221,  0.7915,  0.50
672, 517, -0.68213,  0.00,  0.47754, -0.84661, -0.00019,  0.53221,  0.8125,  0.50
673, 519, -0.6499,  0.00,  0.52881, -0.84661, -0.00019,  0.53221,  0.7915,  0.50
674, 520, -0.68408,  0.26538,  0.47437, -0.84661,  0.00014,  0.53221,  0.8125,  1.00
675, 521, -0.68408, -0.26538,  0.47437, -0.84648, -0.00014,  0.53241,  0.8125,  0.00
676, 522, -0.65137, -0.28638,  0.52637, -0.84648, -0.00014,  0.53241,  0.7915,  0.00
677, 523, -0.68213,  0.00,  0.47754, -0.84648, -0.00014,  0.53241,  0.8125,  0.50
678, 522, -0.65137, -0.28638,  0.52637, -0.84648, -0.00014,  0.53241,  0.7915,  0.00
679, 521, -0.68408, -0.26538,  0.47437, -0.84648, -0.00014,  0.53241,  0.8125,  0.00
680, 524, -0.65137, -0.40112,  0.52637, -0.84646,  0.00,  0.53246,  0.7915, -0.21069
681, 525, -0.71045,  0.00,  0.42505, -0.88008,  0.00079,  0.47483,  0.8335,  0.50
682, 526, -0.68408, -0.26538,  0.47437, -0.88008,  0.00079,  0.47483,  0.8125,  0.00
683, 527, -0.68213,  0.00,  0.47754, -0.88008,  0.00079,  0.47483,  0.8125,  0.50
684, 525, -0.71045,  0.00,  0.42505, -0.88008,  0.00079,  0.47483,  0.8335,  0.50
685, 527, -0.68213,  0.00,  0.47754, -0.88008,  0.00079,  0.47483,  0.8125,  0.50
686, 528, -0.7124,  0.24365,  0.42114, -0.88008,  0.00058,  0.47483,  0.8335,  1.00
687, 529, -0.7124, -0.24365,  0.42114, -0.88291, -0.00047,  0.46954,  0.8335,  0.00
688, 530, -0.68408, -0.26538,  0.47437, -0.88291, -0.00047,  0.46954,  0.8125,  0.00
689, 531, -0.71045,  0.00,  0.42505, -0.88291, -0.00047,  0.46954,  0.8335,  0.50
690, 530, -0.68408, -0.26538,  0.47437, -0.88291, -0.00047,  0.46954,  0.8125,  0.00
691, 529, -0.7124, -0.24365,  0.42114, -0.88291, -0.00047,  0.46954,  0.8335,  0.00
692, 532, -0.68408, -0.37207,  0.47437, -0.88283,  0.00,  0.46969,  0.8125, -0.21069
693, 533, -0.7334,  0.00,  0.37207, -0.91761,  0.00097,  0.39749,  0.854,  0.50
694, 534, -0.7124, -0.24365,  0.42114, -0.91761,  0.00097,  0.39749,  0.8335,  0.00
695, 535, -0.71045,  0.00,  0.42505, -0.91761,  0.00097,  0.39749,  0.8335,  0.50
696, 533, -0.7334,  0.00,  0.37207, -0.91761,  0.00097,  0.39749,  0.854,  0.50
697, 535, -0.71045,  0.00,  0.42505, -0.91761,  0.00097,  0.39749,  0.8335,  0.50
698, 536, -0.73535,  0.22144,  0.36768, -0.91761, -0.0002,  0.39749,  0.854,  1.00
699, 537, -0.73535, -0.22144,  0.36768, -0.91886,  0.00027,  0.39457,  0.854,  0.00
700, 538, -0.7124, -0.24365,  0.42114, -0.91886,  0.00027,  0.39457,  0.8335,  0.00
701, 539, -0.7334,  0.00,  0.37207, -0.91886,  0.00027,  0.39457,  0.854,  0.50
702, 538, -0.7124, -0.24365,  0.42114, -0.91886,  0.00027,  0.39457,  0.8335,  0.00
703, 537, -0.73535, -0.22144,  0.36768, -0.91886,  0.00027,  0.39457,  0.854,  0.00
704, 540, -0.7124, -0.34204,  0.42114, -0.9189,  0.00,  0.39448,  0.8335, -0.21069
705, 541, -0.75244,  0.00,  0.32007, -0.93903,  0.00145,  0.34383,  0.875,  0.50
706, 542, -0.73535, -0.22144,  0.36768, -0.93903,  0.00145,  0.34383,  0.854,  0.00
707, 543, -0.7334,  0.00,  0.37207, -0.93903,  0.00145,  0.34383,  0.854,  0.50
708, 541, -0.75244,  0.00,  0.32007, -0.93903,  0.00145,  0.34383,  0.875,  0.50
709, 543, -0.7334,  0.00,  0.37207, -0.93903,  0.00145,  0.34383,  0.854,  0.50
710, 544, -0.75391,  0.19897,  0.31519, -0.93903,  0.0015,  0.34383,  0.875,  1.00
711, 545, -0.75391, -0.19897,  0.31519, -0.94296, -0.0012,  0.33291,  0.875,  0.00
712, 546, -0.73535, -0.22144,  0.36768, -0.94296, -0.0012,  0.33291,  0.854,  0.00
713, 547, -0.75244,  0.00,  0.32007, -0.94296, -0.0012,  0.33291,  0.875,  0.50
714, 546, -0.73535, -0.22144,  0.36768, -0.94296, -0.0012,  0.33291,  0.854,  0.00
715, 545, -0.75391, -0.19897,  0.31519, -0.94296, -0.0012,  0.33291,  0.875,  0.00
716, 548, -0.73535, -0.31152,  0.36768, -0.9428,  0.00,  0.33336,  0.854, -0.21069
717, 549, -0.7666, -5.96046E-08,  0.26978, -0.96257,  0.00046,  0.27103,  0.896,  0.50
718, 550, -0.75391, -0.19897,  0.31519, -0.96257,  0.00046,  0.27103,  0.875,  0.00
719, 551, -0.75244,  0.00,  0.32007, -0.96257,  0.00046,  0.27103,  0.875,  0.50
720, 549, -0.7666, -5.96046E-08,  0.26978, -0.96257,  0.00046,  0.27103,  0.896,  0.50
721, 551, -0.75244,  0.00,  0.32007, -0.96257,  0.00046,  0.27103,  0.875,  0.50
722, 552, -0.76758,  0.17664,  0.26489, -0.96257,  0.00216,  0.27103,  0.896,  1.00
723, 553, -0.76758, -0.17664,  0.26489, -0.96521, -0.00188,  0.26148,  0.896,  0.00
724, 554, -0.75391, -0.19897,  0.31519, -0.96521, -0.00188,  0.26148,  0.875,  0.00
725, 555, -0.7666, -5.96046E-08,  0.26978, -0.96521, -0.00188,  0.26148,  0.896,  0.50
726, 554, -0.75391, -0.19897,  0.31519, -0.96521, -0.00188,  0.26148,  0.875,  0.00
727, 553, -0.76758, -0.17664,  0.26489, -0.96521, -0.00188,  0.26148,  0.896,  0.00
728, 556, -0.75391, -0.28076,  0.31519, -0.965,  0.00,  0.26226,  0.875, -0.21069
729, 557, -0.77637, -5.96046E-08,  0.22253, -0.97928, -0.00017,  0.20249,  0.9165,  0.50
730, 558, -0.76758, -0.17664,  0.26489, -0.97928, -0.00017,  0.20249,  0.896,  0.00
731, 559, -0.7666, -5.96046E-08,  0.26978, -0.97928, -0.00017,  0.20249,  0.896,  0.50
732, 557, -0.77637, -5.96046E-08,  0.22253, -0.97928, -0.00017,  0.20249,  0.9165,  0.50
733, 559, -0.7666, -5.96046E-08,  0.26978, -0.97928, -0.00017,  0.20249,  0.896,  0.50
734, 560, -0.77734,  0.15454,  0.21765, -0.97928,  0.00025,  0.20249,  0.9165,  1.00
735, 561, -0.77734, -0.15454,  0.21765, -0.97934, -0.00024,  0.20222,  0.9165,  0.00
736, 562, -0.76758, -0.17664,  0.26489, -0.97934, -0.00024,  0.20222,  0.896,  0.00
737, 563, -0.77637, -5.96046E-08,  0.22253, -0.97934, -0.00024,  0.20222,  0.9165,  0.50
738, 562, -0.76758, -0.17664,  0.26489, -0.97934, -0.00024,  0.20222,  0.896,  0.00
739, 561, -0.77734, -0.15454,  0.21765, -0.97934, -0.00024,  0.20222,  0.9165,  0.00
740, 564, -0.76758, -0.25049,  0.26489, -0.97932,  0.00,  0.20233,  0.896, -0.21069
741, 565, -0.7832, -5.96046E-08,  0.17896, -0.98793,  0.00131,  0.15487,  0.9375,  0.50
742, 566, -0.77734, -0.15454,  0.21765, -0.98793,  0.00131,  0.15487,  0.9165,  0.00
743, 567, -0.77637, -5.96046E-08,  0.22253, -0.98793,  0.00131,  0.15487,  0.9165,  0.50
744, 565, -0.7832, -5.96046E-08,  0.17896, -0.98793,  0.00131,  0.15487,  0.9375,  0.50
745, 567, -0.77637, -5.96046E-08,  0.22253, -0.98793,  0.00131,  0.15487,  0.9165,  0.50
746, 568, -0.78369,  0.13306,  0.17468, -0.98793,  0.00134,  0.15487,  0.9375,  1.00
747, 569, -0.78369, -0.13306,  0.17468, -0.98933, -0.00104,  0.14568,  0.9375,  0.00
748, 570, -0.77734, -0.15454,  0.21765, -0.98933, -0.00104,  0.14568,  0.9165,  0.00
749, 571, -0.7832, -5.96046E-08,  0.17896, -0.98933, -0.00104,  0.14568,  0.9375,  0.50
750, 570, -0.77734, -0.15454,  0.21765, -0.98933, -0.00104,  0.14568,  0.9165,  0.00
751, 569, -0.78369, -0.13306,  0.17468, -0.98933, -0.00104,  0.14568,  0.9375,  0.00
752, 572, -0.77734, -0.22107,  0.21765, -0.98926,  0.00,  0.14619,  0.9165, -0.21069
753, 573, -0.78711, -5.96046E-08,  0.14026, -0.99493,  0.00043,  0.10052,  0.9585,  0.50
754, 574, -0.78369, -0.13306,  0.17468, -0.99493,  0.00043,  0.10052,  0.9375,  0.00
755, 575, -0.7832, -5.96046E-08,  0.17896, -0.99493,  0.00043,  0.10052,  0.9375,  0.50
756, 573, -0.78711, -5.96046E-08,  0.14026, -0.99493,  0.00043,  0.10052,  0.9585,  0.50
757, 575, -0.7832, -5.96046E-08,  0.17896, -0.99493,  0.00043,  0.10052,  0.9375,  0.50
758, 576, -0.7876,  0.11237,  0.13696, -0.99493, -0.00139,  0.10052,  0.9585,  1.00
759, 577, -0.78906, -5.96046E-08,  0.10724, -0.99826,  0.00262,  0.05895,  0.979,  0.50
760, 578, -0.7876, -0.11237,  0.13696, -0.99826,  0.00262,  0.05895,  0.9585,  0.00
761, 573, -0.78711, -5.96046E-08,  0.14026, -0.99493,  0.00043,  0.10052,  0.9585,  0.50
762, 577, -0.78906, -5.96046E-08,  0.10724, -0.99826,  0.00262,  0.05895,  0.979,  0.50
763, 573, -0.78711, -5.96046E-08,  0.14026, -0.99493,  0.00043,  0.10052,  0.9585,  0.50
764, 579, -0.78906,  0.09277,  0.10535, -0.99826,  0.0012,  0.05895,  0.979,  1.00
765, 580, -0.78955, -5.96046E-08,  0.08063, -0.99983, -0.00038,  0.01841,  1.00,  0.50
766, 581, -0.78906, -0.09277,  0.10535, -0.99983, -0.00038,  0.01841,  0.979,  0.00
767, 577, -0.78906, -5.96046E-08,  0.10724, -0.99826,  0.00262,  0.05895,  0.979,  0.50
768, 580, -0.78955, -5.96046E-08,  0.08063, -0.99983, -0.00038,  0.01841,  1.00,  0.50
769, 577, -0.78906, -5.96046E-08,  0.10724, -0.99826,  0.00262,  0.05895,  0.979,  0.50
770, 582, -0.78955,  0.07458,  0.08063, -0.99983,  0.00,  0.01841,  1.00,  1.00
771, 583, -0.7876, -0.11237,  0.13696, -0.9946,  0.00129,  0.10381,  0.9585,  0.00
772, 584, -0.78369, -0.13306,  0.17468, -0.9946,  0.00129,  0.10381,  0.9375,  0.00
773, 585, -0.78711, -5.96046E-08,  0.14026, -0.9946,  0.00129,  0.10381,  0.9585,  0.50
774, 584, -0.78369, -0.13306,  0.17468, -0.9946,  0.00129,  0.10381,  0.9375,  0.00
775, 583, -0.7876, -0.11237,  0.13696, -0.9946,  0.00129,  0.10381,  0.9585,  0.00
776, 586, -0.78369, -0.19275,  0.17468, -0.99467,  0.00,  0.10311,  0.9375, -0.21069
777, 587, -0.78906, -0.09277,  0.10535, -0.99896, -0.00093,  0.04556,  0.979,  0.00
778, 588, -0.7876, -0.11237,  0.13696, -0.99896, -0.00093,  0.04556,  0.9585,  0.00
779, 589, -0.78906, -5.96046E-08,  0.10724, -0.99896, -0.00093,  0.04556,  0.979,  0.50
780, 588, -0.7876, -0.11237,  0.13696, -0.99896, -0.00093,  0.04556,  0.9585,  0.00
781, 587, -0.78906, -0.09277,  0.10535, -0.99896, -0.00093,  0.04556,  0.979,  0.00
782, 590, -0.7876, -0.16626,  0.13696, -0.99894,  0.00,  0.04614,  0.9585, -0.21069
783, 591, -0.78955, -0.07458,  0.08063, -0.9998,  0.00,  0.01982,  1.00,  0.00
784, 592, -0.78906, -0.09277,  0.10535, -0.9998,  0.00,  0.01982,  0.979,  0.00
785, 593, -0.78955, -5.96046E-08,  0.08063, -0.9998,  0.00,  0.01982,  1.00,  0.50
786, 592, -0.78906, -0.09277,  0.10535, -0.9998,  0.00,  0.01982,  0.979,  0.00
787, 591, -0.78955, -0.07458,  0.08063, -0.9998,  0.00,  0.01982,  1.00,  0.00
788, 594, -0.78906, -0.14172,  0.10535, -0.99894,  0.00,  0.04614,  0.979, -0.21069
789, 595, -0.7876, -0.16626,  0.13696, -0.99894,  0.00,  0.04614,  0.9585, -0.21069
790, 592, -0.78906, -0.09277,  0.10535, -0.9998,  0.00,  0.01982,  0.979,  0.00
791, 594, -0.78906, -0.14172,  0.10535, -0.99894,  0.00,  0.04614,  0.979, -0.21069
792, 596, -0.10303,  0.41724,  0.86328, -0.09454,  0.00,  0.99552,  0.5415,  1.00
793, 597, -0.05164,  0.00,  0.86816, -0.09454,  0.00,  0.99552,  0.521,  0.50
794, 598, -0.05164,  0.41895,  0.86816, -0.09454,  0.00,  0.99552,  0.521,  1.00
795, 599, -0.10303,  0.00,  0.86328, -0.09454,  0.00,  0.99552,  0.5415,  0.50
796, 597, -0.05164,  0.00,  0.86816, -0.09454,  0.00,  0.99552,  0.521,  0.50
797, 596, -0.10303,  0.41724,  0.86328, -0.09454,  0.00,  0.99552,  0.5415,  1.00
798, 599, -0.10303,  0.00,  0.86328, -0.09454,  0.00,  0.99552,  0.5415,  0.50
799, 600, -0.05164, -0.41895,  0.86816, -0.09454,  0.00,  0.99552,  0.521,  0.00
800, 597, -0.05164,  0.00,  0.86816, -0.09454,  0.00,  0.99552,  0.521,  0.50
801, 601, -0.10303, -0.41724,  0.86328, -0.09454,  0.00,  0.99552,  0.5415,  0.00
802, 600, -0.05164, -0.41895,  0.86816, -0.09454,  0.00,  0.99552,  0.521,  0.00
803, 599, -0.10303,  0.00,  0.86328, -0.09454,  0.00,  0.99552,  0.5415,  0.50
804, 600, -0.05164, -0.41895,  0.86816, -0.09454,  0.00,  0.99552,  0.521,  0.00
805, 601, -0.10303, -0.41724,  0.86328, -0.09454,  0.00,  0.99552,  0.5415,  0.00
806, 602, -0.05164, -0.5874,  0.86816, -0.09454,  0.00,  0.99552,  0.521, -0.21069
807, 602, -0.05164, -0.5874,  0.86816, -0.09454,  0.00,  0.99552,  0.521, -0.21069
808, 601, -0.10303, -0.41724,  0.86328, -0.09454,  0.00,  0.99552,  0.5415,  0.00
809, 603, -0.10303, -0.58447,  0.86328, -0.09454,  0.00,  0.99552,  0.5415, -0.21069
810, 604, -0.05164,  0.41895,  0.86816, -0.03793,  0.00,  0.99928,  0.521,  1.00
811, 605, -1.19209E-07,  0.00,  0.87012, -0.03793,  0.00,  0.99928,  0.50,  0.50
812, 606, -1.19209E-07,  0.41943,  0.87012, -0.03793,  0.00,  0.99928,  0.50,  1.00
813, 607, -0.05164,  0.00,  0.86816, -0.03793,  0.00,  0.99928,  0.521,  0.50
814, 605, -1.19209E-07,  0.00,  0.87012, -0.03793,  0.00,  0.99928,  0.50,  0.50
815, 604, -0.05164,  0.41895,  0.86816, -0.03793,  0.00,  0.99928,  0.521,  1.00
816, 607, -0.05164,  0.00,  0.86816, -0.03793,  0.00,  0.99928,  0.521,  0.50
817, 608, -1.19209E-07, -0.41943,  0.87012, -0.03793,  0.00,  0.99928,  0.50,  0.00
818, 605, -1.19209E-07,  0.00,  0.87012, -0.03793,  0.00,  0.99928,  0.50,  0.50
819, 609, -0.05164, -0.41895,  0.86816, -0.03793,  0.00,  0.99928,  0.521,  0.00
820, 608, -1.19209E-07, -0.41943,  0.87012, -0.03793,  0.00,  0.99928,  0.50,  0.00
821, 607, -0.05164,  0.00,  0.86816, -0.03793,  0.00,  0.99928,  0.521,  0.50
822, 608, -1.19209E-07, -0.41943,  0.87012, -0.03793,  0.00,  0.99928,  0.50,  0.00
823, 609, -0.05164, -0.41895,  0.86816, -0.03793,  0.00,  0.99928,  0.521,  0.00
824, 610, -1.19209E-07, -0.58789,  0.87012, -0.03793,  0.00,  0.99928,  0.50, -0.21069
825, 610, -1.19209E-07, -0.58789,  0.87012, -0.03793,  0.00,  0.99928,  0.50, -0.21069
826, 609, -0.05164, -0.41895,  0.86816, -0.03793,  0.00,  0.99928,  0.521,  0.00
827, 611, -0.05164, -0.5874,  0.86816, -0.03793,  0.00,  0.99928,  0.521, -0.21069
828, 612, -1.19209E-07,  0.41943,  0.87012,  0.03793,  0.00,  0.99928,  0.50,  1.00
829, 613,  0.05164,  0.00,  0.86816,  0.03793,  0.00,  0.99928,  0.47925,  0.50
830, 614,  0.05164,  0.4187,  0.86816,  0.03793,  0.00,  0.99928,  0.47925,  1.00
831, 615, -1.19209E-07,  0.00,  0.87012,  0.03793,  0.00,  0.99928,  0.50,  0.50
832, 613,  0.05164,  0.00,  0.86816,  0.03793,  0.00,  0.99928,  0.47925,  0.50
833, 612, -1.19209E-07,  0.41943,  0.87012,  0.03793,  0.00,  0.99928,  0.50,  1.00
834, 615, -1.19209E-07,  0.00,  0.87012,  0.03793,  0.00,  0.99928,  0.50,  0.50
835, 616,  0.05164, -0.4187,  0.86816,  0.03793,  0.00,  0.99928,  0.47925,  0.00
836, 613,  0.05164,  0.00,  0.86816,  0.03793,  0.00,  0.99928,  0.47925,  0.50
837, 617, -1.19209E-07, -0.41943,  0.87012,  0.03793,  0.00,  0.99928,  0.50,  0.00
838, 616,  0.05164, -0.4187,  0.86816,  0.03793,  0.00,  0.99928,  0.47925,  0.00
839, 615, -1.19209E-07,  0.00,  0.87012,  0.03793,  0.00,  0.99928,  0.50,  0.50
840, 616,  0.05164, -0.4187,  0.86816,  0.03793,  0.00,  0.99928,  0.47925,  0.00
841, 617, -1.19209E-07, -0.41943,  0.87012,  0.03793,  0.00,  0.99928,  0.50,  0.00
842, 618,  0.05164, -0.58691,  0.86816,  0.03793,  0.00,  0.99928,  0.47925, -0.21069
843, 618,  0.05164, -0.58691,  0.86816,  0.03793,  0.00,  0.99928,  0.47925, -0.21069
844, 617, -1.19209E-07, -0.41943,  0.87012,  0.03793,  0.00,  0.99928,  0.50,  0.00
845, 619, -1.19209E-07, -0.58789,  0.87012,  0.03793,  0.00,  0.99928,  0.50, -0.21069
846, 620,  0.05164,  0.4187,  0.86816,  0.09454,  0.00,  0.99552,  0.47925,  1.00
847, 621,  0.10303,  0.00,  0.86328,  0.09454,  0.00,  0.99552,  0.45825,  0.50
848, 622,  0.10303,  0.41699,  0.86328,  0.09454,  0.00,  0.99552,  0.45825,  1.00
849, 623,  0.05164,  0.00,  0.86816,  0.09454,  0.00,  0.99552,  0.47925,  0.50
850, 621,  0.10303,  0.00,  0.86328,  0.09454,  0.00,  0.99552,  0.45825,  0.50
851, 620,  0.05164,  0.4187,  0.86816,  0.09454,  0.00,  0.99552,  0.47925,  1.00
852, 623,  0.05164,  0.00,  0.86816,  0.09454,  0.00,  0.99552,  0.47925,  0.50
853, 624,  0.10303, -0.41699,  0.86328,  0.09454,  0.00,  0.99552,  0.45825,  0.00
854, 621,  0.10303,  0.00,  0.86328,  0.09454,  0.00,  0.99552,  0.45825,  0.50
855, 625,  0.05164, -0.4187,  0.86816,  0.09454,  0.00,  0.99552,  0.47925,  0.00
856, 624,  0.10303, -0.41699,  0.86328,  0.09454,  0.00,  0.99552,  0.45825,  0.00
857, 623,  0.05164,  0.00,  0.86816,  0.09454,  0.00,  0.99552,  0.47925,  0.50
858, 624,  0.10303, -0.41699,  0.86328,  0.09454,  0.00,  0.99552,  0.45825,  0.00
859, 625,  0.05164, -0.4187,  0.86816,  0.09454,  0.00,  0.99552,  0.47925,  0.00
860, 626,  0.10303, -0.58447,  0.86328,  0.09454,  0.00,  0.99552,  0.45825, -0.21069
861, 626,  0.10303, -0.58447,  0.86328,  0.09454,  0.00,  0.99552,  0.45825, -0.21069
862, 625,  0.05164, -0.4187,  0.86816,  0.09454,  0.00,  0.99552,  0.47925,  0.00
863, 627,  0.05164, -0.58691,  0.86816,  0.09454,  0.00,  0.99552,  0.47925, -0.21069
